"txn_year","pr","u_count"
2022-01-01 00:00:00.000 +0300,235,376
2023-01-01 00:00:00.000 +0300,244,2
2020-01-01 00:00:00.000 +0300,307,67
2024-01-01 00:00:00.000 +0300,173,36
2020-01-01 00:00:00.000 +0300,482,260
2022-01-01 00:00:00.000 +0300,30,1886
2023-01-01 00:00:00.000 +0300,162,145
2025-01-01 00:00:00.000 +0300,178,23
2022-01-01 00:00:00.000 +0300,200,2934
2024-01-01 00:00:00.000 +0300,168,23
2020-01-01 00:00:00.000 +0300,508,84
2025-01-01 00:00:00.000 +0300,623,361
2023-01-01 00:00:00.000 +0300,75,254
2024-01-01 00:00:00.000 +0300,140,1
2022-01-01 00:00:00.000 +0300,555,13
2024-01-01 00:00:00.000 +0300,147,13
2024-01-01 00:00:00.000 +0300,36,26
2024-01-01 00:00:00.000 +0300,555,9
2022-01-01 00:00:00.000 +0300,494,16
2020-01-01 00:00:00.000 +0300,538,9
2022-01-01 00:00:00.000 +0300,508,1500
2023-01-01 00:00:00.000 +0300,76,11
2025-01-01 00:00:00.000 +0300,164,71
2022-01-01 00:00:00.000 +0300,526,607
2023-01-01 00:00:00.000 +0300,421,118
2022-01-01 00:00:00.000 +0300,510,124
2024-01-01 00:00:00.000 +0300,564,18
2024-01-01 00:00:00.000 +0300,264,12
2021-01-01 00:00:00.000 +0300,116,183
2022-01-01 00:00:00.000 +0300,116,117
2024-01-01 00:00:00.000 +0300,234,1187
2024-01-01 00:00:00.000 +0300,12,2785
2025-01-01 00:00:00.000 +0300,108,65
2023-01-01 00:00:00.000 +0300,171,314
2020-01-01 00:00:00.000 +0300,159,16
2020-01-01 00:00:00.000 +0300,160,4
2020-01-01 00:00:00.000 +0300,543,5
2021-01-01 00:00:00.000 +0300,580,10
2025-01-01 00:00:00.000 +0300,443,1
2025-01-01 00:00:00.000 +0300,496,12
2021-01-01 00:00:00.000 +0300,198,771
2020-01-01 00:00:00.000 +0300,69,2
2020-01-01 00:00:00.000 +0300,102,28
2021-01-01 00:00:00.000 +0300,492,413
2024-01-01 00:00:00.000 +0300,402,364
2022-01-01 00:00:00.000 +0300,427,957
2023-01-01 00:00:00.000 +0300,204,502
2021-01-01 00:00:00.000 +0300,93,1618
2021-01-01 00:00:00.000 +0300,212,348
2024-01-01 00:00:00.000 +0300,454,58
2021-01-01 00:00:00.000 +0300,250,40
2023-01-01 00:00:00.000 +0300,265,11
2020-01-01 00:00:00.000 +0300,176,110
2024-01-01 00:00:00.000 +0300,211,14
2025-01-01 00:00:00.000 +0300,530,20
2021-01-01 00:00:00.000 +0300,533,557
2022-01-01 00:00:00.000 +0300,252,15
2021-01-01 00:00:00.000 +0300,311,1205
2024-01-01 00:00:00.000 +0300,136,209
2025-01-01 00:00:00.000 +0300,103,1405
2021-01-01 00:00:00.000 +0300,73,5403
2024-01-01 00:00:00.000 +0300,22,461
2023-01-01 00:00:00.000 +0300,627,21
2020-01-01 00:00:00.000 +0300,485,14
2021-01-01 00:00:00.000 +0300,104,282
2022-01-01 00:00:00.000 +0300,87,139
2025-01-01 00:00:00.000 +0300,485,14
2025-01-01 00:00:00.000 +0300,411,1
2024-01-01 00:00:00.000 +0300,482,3113
2023-01-01 00:00:00.000 +0300,528,398
2021-01-01 00:00:00.000 +0300,528,793
2023-01-01 00:00:00.000 +0300,267,325
2024-01-01 00:00:00.000 +0300,460,14
2024-01-01 00:00:00.000 +0300,172,54
2023-01-01 00:00:00.000 +0300,624,124
2022-01-01 00:00:00.000 +0300,243,21
2021-01-01 00:00:00.000 +0300,172,58
2025-01-01 00:00:00.000 +0300,177,207
2024-01-01 00:00:00.000 +0300,105,377
2023-01-01 00:00:00.000 +0300,241,849
2025-01-01 00:00:00.000 +0300,409,1
2024-01-01 00:00:00.000 +0300,526,146
2021-01-01 00:00:00.000 +0300,575,6
2023-01-01 00:00:00.000 +0300,114,53
2023-01-01 00:00:00.000 +0300,10,3899
2020-01-01 00:00:00.000 +0300,93,713
2020-01-01 00:00:00.000 +0300,593,8
2024-01-01 00:00:00.000 +0300,490,170
2021-01-01 00:00:00.000 +0300,519,14
2022-01-01 00:00:00.000 +0300,485,140
2021-01-01 00:00:00.000 +0300,149,8
2020-01-01 00:00:00.000 +0300,436,17
2021-01-01 00:00:00.000 +0300,529,740
2025-01-01 00:00:00.000 +0300,232,571
2025-01-01 00:00:00.000 +0300,185,45
2023-01-01 00:00:00.000 +0300,17,7759
2022-01-01 00:00:00.000 +0300,502,3245
2024-01-01 00:00:00.000 +0300,687,297
2024-01-01 00:00:00.000 +0300,254,4
2024-01-01 00:00:00.000 +0300,121,49
2024-01-01 00:00:00.000 +0300,96,2557
2024-01-01 00:00:00.000 +0300,87,72
2024-01-01 00:00:00.000 +0300,203,1066
2020-01-01 00:00:00.000 +0300,172,30
2024-01-01 00:00:00.000 +0300,637,38
2025-01-01 00:00:00.000 +0300,175,11
2020-01-01 00:00:00.000 +0300,120,53
2022-01-01 00:00:00.000 +0300,539,119
2021-01-01 00:00:00.000 +0300,312,165
2021-01-01 00:00:00.000 +0300,602,1
2022-01-01 00:00:00.000 +0300,405,877
2023-01-01 00:00:00.000 +0300,563,127
2022-01-01 00:00:00.000 +0300,499,500
2022-01-01 00:00:00.000 +0300,642,1
2023-01-01 00:00:00.000 +0300,634,38
2023-01-01 00:00:00.000 +0300,121,21
2021-01-01 00:00:00.000 +0300,147,58
2022-01-01 00:00:00.000 +0300,307,71
2023-01-01 00:00:00.000 +0300,214,3
2023-01-01 00:00:00.000 +0300,683,2
2022-01-01 00:00:00.000 +0300,524,4599
2024-01-01 00:00:00.000 +0300,130,3
2020-01-01 00:00:00.000 +0300,212,8
2020-01-01 00:00:00.000 +0300,207,17
2020-01-01 00:00:00.000 +0300,481,944
2025-01-01 00:00:00.000 +0300,423,3
2022-01-01 00:00:00.000 +0300,74,1
2022-01-01 00:00:00.000 +0300,419,738
2024-01-01 00:00:00.000 +0300,19,28
2021-01-01 00:00:00.000 +0300,421,372
2024-01-01 00:00:00.000 +0300,523,299
2022-01-01 00:00:00.000 +0300,120,99
2025-01-01 00:00:00.000 +0300,67,623
2021-01-01 00:00:00.000 +0300,223,2585
2022-01-01 00:00:00.000 +0300,62,1274
2023-01-01 00:00:00.000 +0300,96,1779
2024-01-01 00:00:00.000 +0300,73,1408
2023-01-01 00:00:00.000 +0300,467,2037
2023-01-01 00:00:00.000 +0300,51,1350
2022-01-01 00:00:00.000 +0300,171,302
2025-01-01 00:00:00.000 +0300,194,1045
2024-01-01 00:00:00.000 +0300,513,883
2024-01-01 00:00:00.000 +0300,527,139
2022-01-01 00:00:00.000 +0300,535,249
2024-01-01 00:00:00.000 +0300,598,28
2024-01-01 00:00:00.000 +0300,596,50
2024-01-01 00:00:00.000 +0300,560,1
2023-01-01 00:00:00.000 +0300,427,272
2024-01-01 00:00:00.000 +0300,532,78
2020-01-01 00:00:00.000 +0300,89,357
2025-01-01 00:00:00.000 +0300,105,101
2023-01-01 00:00:00.000 +0300,687,34
2023-01-01 00:00:00.000 +0300,573,121
2022-01-01 00:00:00.000 +0300,195,877
2024-01-01 00:00:00.000 +0300,631,1
2025-01-01 00:00:00.000 +0300,563,3
2023-01-01 00:00:00.000 +0300,144,208
2024-01-01 00:00:00.000 +0300,159,60
2022-01-01 00:00:00.000 +0300,312,57
2023-01-01 00:00:00.000 +0300,180,16
2023-01-01 00:00:00.000 +0300,492,139
2025-01-01 00:00:00.000 +0300,565,2
2023-01-01 00:00:00.000 +0300,572,105
2022-01-01 00:00:00.000 +0300,12,4398
2025-01-01 00:00:00.000 +0300,616,18
2020-01-01 00:00:00.000 +0300,60,2822
2023-01-01 00:00:00.000 +0300,639,8
2021-01-01 00:00:00.000 +0300,303,247
2022-01-01 00:00:00.000 +0300,428,5681
2020-01-01 00:00:00.000 +0300,528,49
2020-01-01 00:00:00.000 +0300,144,103
2024-01-01 00:00:00.000 +0300,233,851
2020-01-01 00:00:00.000 +0300,67,1067
2022-01-01 00:00:00.000 +0300,55,1668
2021-01-01 00:00:00.000 +0300,599,22
2021-01-01 00:00:00.000 +0300,119,91
2021-01-01 00:00:00.000 +0300,579,4
2025-01-01 00:00:00.000 +0300,192,481
2021-01-01 00:00:00.000 +0300,425,1
2024-01-01 00:00:00.000 +0300,262,500
2023-01-01 00:00:00.000 +0300,428,3432
2022-01-01 00:00:00.000 +0300,95,512
2025-01-01 00:00:00.000 +0300,537,16
2024-01-01 00:00:00.000 +0300,21,7700
2021-01-01 00:00:00.000 +0300,195,461
2021-01-01 00:00:00.000 +0300,316,64
2025-01-01 00:00:00.000 +0300,420,15
2021-01-01 00:00:00.000 +0300,21,14756
2021-01-01 00:00:00.000 +0300,310,995
2023-01-01 00:00:00.000 +0300,88,44
2024-01-01 00:00:00.000 +0300,741,247
2021-01-01 00:00:00.000 +0300,220,13610
2023-01-01 00:00:00.000 +0300,519,2
2021-01-01 00:00:00.000 +0300,526,925
2023-01-01 00:00:00.000 +0300,303,11
2025-01-01 00:00:00.000 +0300,551,5
2023-01-01 00:00:00.000 +0300,208,488
2023-01-01 00:00:00.000 +0300,494,7
2025-01-01 00:00:00.000 +0300,534,15
2024-01-01 00:00:00.000 +0300,161,106
2020-01-01 00:00:00.000 +0300,526,61
2025-01-01 00:00:00.000 +0300,268,114
2020-01-01 00:00:00.000 +0300,170,167
2023-01-01 00:00:00.000 +0300,422,329
2022-01-01 00:00:00.000 +0300,258,55
2022-01-01 00:00:00.000 +0300,650,1
2022-01-01 00:00:00.000 +0300,204,1160
2024-01-01 00:00:00.000 +0300,61,346
2024-01-01 00:00:00.000 +0300,484,75
2021-01-01 00:00:00.000 +0300,241,213
2021-01-01 00:00:00.000 +0300,175,60
2023-01-01 00:00:00.000 +0300,119,78
2021-01-01 00:00:00.000 +0300,105,561
2025-01-01 00:00:00.000 +0300,557,1
2020-01-01 00:00:00.000 +0300,55,1068
2020-01-01 00:00:00.000 +0300,552,5
2024-01-01 00:00:00.000 +0300,538,68
2024-01-01 00:00:00.000 +0300,163,160
2023-01-01 00:00:00.000 +0300,565,36
2020-01-01 00:00:00.000 +0300,422,474
2021-01-01 00:00:00.000 +0300,203,152
2024-01-01 00:00:00.000 +0300,268,331
2025-01-01 00:00:00.000 +0300,10,1396
2023-01-01 00:00:00.000 +0300,425,75
2024-01-01 00:00:00.000 +0300,572,31
2021-01-01 00:00:00.000 +0300,569,8
2022-01-01 00:00:00.000 +0300,547,44
2024-01-01 00:00:00.000 +0300,269,194
2020-01-01 00:00:00.000 +0300,408,365
2021-01-01 00:00:00.000 +0300,406,88
2024-01-01 00:00:00.000 +0300,524,220
2024-01-01 00:00:00.000 +0300,208,584
2022-01-01 00:00:00.000 +0300,413,326
2025-01-01 00:00:00.000 +0300,205,920
2024-01-01 00:00:00.000 +0300,288,145
2025-01-01 00:00:00.000 +0300,634,1
2025-01-01 00:00:00.000 +0300,115,5
2025-01-01 00:00:00.000 +0300,176,60
2025-01-01 00:00:00.000 +0300,162,52
2024-01-01 00:00:00.000 +0300,639,33
2020-01-01 00:00:00.000 +0300,196,281
2024-01-01 00:00:00.000 +0300,595,100
2023-01-01 00:00:00.000 +0300,229,840
2021-01-01 00:00:00.000 +0300,562,118
2025-01-01 00:00:00.000 +0300,172,12
2024-01-01 00:00:00.000 +0300,255,22
2022-01-01 00:00:00.000 +0300,60,4851
2021-01-01 00:00:00.000 +0300,486,31
2021-01-01 00:00:00.000 +0300,577,5
2024-01-01 00:00:00.000 +0300,248,2775
2023-01-01 00:00:00.000 +0300,211,31
2025-01-01 00:00:00.000 +0300,114,22
2020-01-01 00:00:00.000 +0300,428,3184
2025-01-01 00:00:00.000 +0300,270,21
2022-01-01 00:00:00.000 +0300,569,1
2023-01-01 00:00:00.000 +0300,25,13297
2023-01-01 00:00:00.000 +0300,238,2
2025-01-01 00:00:00.000 +0300,125,8
2025-01-01 00:00:00.000 +0300,627,3
2025-01-01 00:00:00.000 +0300,22,151
2021-01-01 00:00:00.000 +0300,419,421
2025-01-01 00:00:00.000 +0300,173,12
2023-01-01 00:00:00.000 +0300,575,2
2023-01-01 00:00:00.000 +0300,143,522
2024-01-01 00:00:00.000 +0300,278,1
2020-01-01 00:00:00.000 +0300,150,86
2021-01-01 00:00:00.000 +0300,168,37
2025-01-01 00:00:00.000 +0300,274,2
2024-01-01 00:00:00.000 +0300,531,97
2024-01-01 00:00:00.000 +0300,51,990
2021-01-01 00:00:00.000 +0300,564,104
2024-01-01 00:00:00.000 +0300,481,5090
2023-01-01 00:00:00.000 +0300,74,7
2024-01-01 00:00:00.000 +0300,114,66
2024-01-01 00:00:00.000 +0300,263,203
2022-01-01 00:00:00.000 +0300,143,637
2021-01-01 00:00:00.000 +0300,467,832
2022-01-01 00:00:00.000 +0300,163,256
2023-01-01 00:00:00.000 +0300,278,6
2024-01-01 00:00:00.000 +0300,59,228
2025-01-01 00:00:00.000 +0300,52,4714
2021-01-01 00:00:00.000 +0300,306,1153
2022-01-01 00:00:00.000 +0300,250,5718
2024-01-01 00:00:00.000 +0300,151,69
2021-01-01 00:00:00.000 +0300,139,1
2024-01-01 00:00:00.000 +0300,423,19
2022-01-01 00:00:00.000 +0300,105,532
2023-01-01 00:00:00.000 +0300,14,2079
2023-01-01 00:00:00.000 +0300,485,101
2020-01-01 00:00:00.000 +0300,71,302
2024-01-01 00:00:00.000 +0300,506,2375
2023-01-01 00:00:00.000 +0300,101,1784
2021-01-01 00:00:00.000 +0300,560,88
2022-01-01 00:00:00.000 +0300,313,64
2025-01-01 00:00:00.000 +0300,622,249
2022-01-01 00:00:00.000 +0300,529,501
2025-01-01 00:00:00.000 +0300,265,13
2025-01-01 00:00:00.000 +0300,644,1
2025-01-01 00:00:00.000 +0300,86,330
2025-01-01 00:00:00.000 +0300,510,14
2024-01-01 00:00:00.000 +0300,621,645
2023-01-01 00:00:00.000 +0300,650,321
2022-01-01 00:00:00.000 +0300,149,2
2020-01-01 00:00:00.000 +0300,188,477
2022-01-01 00:00:00.000 +0300,630,29
2020-01-01 00:00:00.000 +0300,217,2
2023-01-01 00:00:00.000 +0300,19,15
2021-01-01 00:00:00.000 +0300,115,21
2024-01-01 00:00:00.000 +0300,626,8
2023-01-01 00:00:00.000 +0300,595,10288
2025-01-01 00:00:00.000 +0300,535,11
2025-01-01 00:00:00.000 +0300,113,17
2020-01-01 00:00:00.000 +0300,560,1
2025-01-01 00:00:00.000 +0300,618,659
2023-01-01 00:00:00.000 +0300,209,550
2025-01-01 00:00:00.000 +0300,111,145
2022-01-01 00:00:00.000 +0300,528,542
2023-01-01 00:00:00.000 +0300,154,83
2021-01-01 00:00:00.000 +0300,170,399
2021-01-01 00:00:00.000 +0300,36,116
2022-01-01 00:00:00.000 +0300,305,8
2021-01-01 00:00:00.000 +0300,162,102
2023-01-01 00:00:00.000 +0300,174,28
2021-01-01 00:00:00.000 +0300,485,73
2023-01-01 00:00:00.000 +0300,63,9840
2022-01-01 00:00:00.000 +0300,108,145
2022-01-01 00:00:00.000 +0300,573,44
2025-01-01 00:00:00.000 +0300,553,2
2023-01-01 00:00:00.000 +0300,598,93
2021-01-01 00:00:00.000 +0300,548,184
2021-01-01 00:00:00.000 +0300,210,4846
2024-01-01 00:00:00.000 +0300,628,17
2023-01-01 00:00:00.000 +0300,95,244
2022-01-01 00:00:00.000 +0300,262,6
2020-01-01 00:00:00.000 +0300,121,21
2025-01-01 00:00:00.000 +0300,71,116
2022-01-01 00:00:00.000 +0300,496,559
2023-01-01 00:00:00.000 +0300,120,96
2022-01-01 00:00:00.000 +0300,115,22
2024-01-01 00:00:00.000 +0300,689,645
2020-01-01 00:00:00.000 +0300,406,37
2022-01-01 00:00:00.000 +0300,181,85
2020-01-01 00:00:00.000 +0300,226,59
2023-01-01 00:00:00.000 +0300,196,2335
2025-01-01 00:00:00.000 +0300,221,681
2025-01-01 00:00:00.000 +0300,505,325
2021-01-01 00:00:00.000 +0300,113,152
2023-01-01 00:00:00.000 +0300,525,471
2024-01-01 00:00:00.000 +0300,123,12
2024-01-01 00:00:00.000 +0300,135,4
2025-01-01 00:00:00.000 +0300,526,21
2024-01-01 00:00:00.000 +0300,550,18
2022-01-01 00:00:00.000 +0300,483,6967
2024-01-01 00:00:00.000 +0300,62,557
2023-01-01 00:00:00.000 +0300,234,607
2025-01-01 00:00:00.000 +0300,532,13
2024-01-01 00:00:00.000 +0300,537,76
2022-01-01 00:00:00.000 +0300,36,67
2021-01-01 00:00:00.000 +0300,63,13864
2022-01-01 00:00:00.000 +0300,208,324
2024-01-01 00:00:00.000 +0300,542,46
2023-01-01 00:00:00.000 +0300,500,230
2023-01-01 00:00:00.000 +0300,508,2044
2024-01-01 00:00:00.000 +0300,638,37
2023-01-01 00:00:00.000 +0300,104,208
2024-01-01 00:00:00.000 +0300,270,59
2022-01-01 00:00:00.000 +0300,232,2642
2025-01-01 00:00:00.000 +0300,60,1185
2025-01-01 00:00:00.000 +0300,513,198
2022-01-01 00:00:00.000 +0300,411,309
2021-01-01 00:00:00.000 +0300,567,20
2025-01-01 00:00:00.000 +0300,625,2
2021-01-01 00:00:00.000 +0300,209,66
2020-01-01 00:00:00.000 +0300,169,16
2022-01-01 00:00:00.000 +0300,554,20
2022-01-01 00:00:00.000 +0300,560,3
2020-01-01 00:00:00.000 +0300,199,162
2021-01-01 00:00:00.000 +0300,233,64
2021-01-01 00:00:00.000 +0300,597,74
2022-01-01 00:00:00.000 +0300,432,146
2024-01-01 00:00:00.000 +0300,567,1
2023-01-01 00:00:00.000 +0300,217,366
2021-01-01 00:00:00.000 +0300,136,146
2023-01-01 00:00:00.000 +0300,487,78
2022-01-01 00:00:00.000 +0300,93,1318
2025-01-01 00:00:00.000 +0300,267,142
2025-01-01 00:00:00.000 +0300,212,54
2025-01-01 00:00:00.000 +0300,522,25
2021-01-01 00:00:00.000 +0300,321,170
2024-01-01 00:00:00.000 +0300,486,41
2020-01-01 00:00:00.000 +0300,530,38
2021-01-01 00:00:00.000 +0300,62,1317
2024-01-01 00:00:00.000 +0300,573,12
2021-01-01 00:00:00.000 +0300,150,331
2023-01-01 00:00:00.000 +0300,600,48
2021-01-01 00:00:00.000 +0300,182,9
2022-01-01 00:00:00.000 +0300,203,440
2024-01-01 00:00:00.000 +0300,683,1
2021-01-01 00:00:00.000 +0300,313,116
2025-01-01 00:00:00.000 +0300,561,7001
2023-01-01 00:00:00.000 +0300,175,58
2022-01-01 00:00:00.000 +0300,254,8
2024-01-01 00:00:00.000 +0300,249,5309
2021-01-01 00:00:00.000 +0300,618,546
2020-01-01 00:00:00.000 +0300,29,6
2022-01-01 00:00:00.000 +0300,161,131
2025-01-01 00:00:00.000 +0300,288,91
2024-01-01 00:00:00.000 +0300,143,603
2021-01-01 00:00:00.000 +0300,552,119
2024-01-01 00:00:00.000 +0300,504,3124
2023-01-01 00:00:00.000 +0300,108,197
2023-01-01 00:00:00.000 +0300,190,2511
2023-01-01 00:00:00.000 +0300,223,2706
2021-01-01 00:00:00.000 +0300,484,55
2022-01-01 00:00:00.000 +0300,490,302
2022-01-01 00:00:00.000 +0300,174,57
2020-01-01 00:00:00.000 +0300,494,22
2023-01-01 00:00:00.000 +0300,276,1
2025-01-01 00:00:00.000 +0300,248,885
2024-01-01 00:00:00.000 +0300,103,4885
2022-01-01 00:00:00.000 +0300,595,6462
2023-01-01 00:00:00.000 +0300,224,15595
2022-01-01 00:00:00.000 +0300,561,6995
2025-01-01 00:00:00.000 +0300,88,18
2021-01-01 00:00:00.000 +0300,196,974
2024-01-01 00:00:00.000 +0300,273,103
2022-01-01 00:00:00.000 +0300,128,40
2025-01-01 00:00:00.000 +0300,11,911
2025-01-01 00:00:00.000 +0300,256,142
2024-01-01 00:00:00.000 +0300,182,1
2025-01-01 00:00:00.000 +0300,626,2
2025-01-01 00:00:00.000 +0300,191,826
2022-01-01 00:00:00.000 +0300,619,287
2020-01-01 00:00:00.000 +0300,551,5
2025-01-01 00:00:00.000 +0300,206,69
2024-01-01 00:00:00.000 +0300,261,1
2023-01-01 00:00:00.000 +0300,273,6
2022-01-01 00:00:00.000 +0300,249,5022
2020-01-01 00:00:00.000 +0300,81,1302
2023-01-01 00:00:00.000 +0300,435,344
2021-01-01 00:00:00.000 +0300,211,210
2021-01-01 00:00:00.000 +0300,487,196
2025-01-01 00:00:00.000 +0300,87,37
2021-01-01 00:00:00.000 +0300,408,744
2021-01-01 00:00:00.000 +0300,0,20
2020-01-01 00:00:00.000 +0300,535,28
2022-01-01 00:00:00.000 +0300,321,101
2020-01-01 00:00:00.000 +0300,308,60
2025-01-01 00:00:00.000 +0300,523,27
2024-01-01 00:00:00.000 +0300,507,6863
2020-01-01 00:00:00.000 +0300,561,2
2023-01-01 00:00:00.000 +0300,195,1078
2020-01-01 00:00:00.000 +0300,546,2
2021-01-01 00:00:00.000 +0300,606,6
2021-01-01 00:00:00.000 +0300,558,84
2025-01-01 00:00:00.000 +0300,122,26
2024-01-01 00:00:00.000 +0300,271,67
2024-01-01 00:00:00.000 +0300,108,204
2023-01-01 00:00:00.000 +0300,406,10
2021-01-01 00:00:00.000 +0300,547,208
2021-01-01 00:00:00.000 +0300,153,17
2020-01-01 00:00:00.000 +0300,36,47
2021-01-01 00:00:00.000 +0300,88,70
2020-01-01 00:00:00.000 +0300,488,16
2025-01-01 00:00:00.000 +0300,217,97
2022-01-01 00:00:00.000 +0300,408,415
2022-01-01 00:00:00.000 +0300,632,33
2025-01-01 00:00:00.000 +0300,451,1
2021-01-01 00:00:00.000 +0300,550,169
2023-01-01 00:00:00.000 +0300,564,108
2025-01-01 00:00:00.000 +0300,169,20
2021-01-01 00:00:00.000 +0300,415,1380
2022-01-01 00:00:00.000 +0300,136,124
2024-01-01 00:00:00.000 +0300,126,2
2022-01-01 00:00:00.000 +0300,167,27
2021-01-01 00:00:00.000 +0300,555,118
2021-01-01 00:00:00.000 +0300,314,74
2024-01-01 00:00:00.000 +0300,67,1760
2025-01-01 00:00:00.000 +0300,533,10
2024-01-01 00:00:00.000 +0300,165,73
2023-01-01 00:00:00.000 +0300,225,5956
2021-01-01 00:00:00.000 +0300,144,295
2024-01-01 00:00:00.000 +0300,196,2941
2024-01-01 00:00:00.000 +0300,606,27
2023-01-01 00:00:00.000 +0300,496,231
2024-01-01 00:00:00.000 +0300,694,36
2024-01-01 00:00:00.000 +0300,607,20
2022-01-01 00:00:00.000 +0300,140,1
2020-01-01 00:00:00.000 +0300,154,48
2023-01-01 00:00:00.000 +0300,123,36
2021-01-01 00:00:00.000 +0300,559,76
2021-01-01 00:00:00.000 +0300,542,312
2020-01-01 00:00:00.000 +0300,189,90
2023-01-01 00:00:00.000 +0300,524,8552
2022-01-01 00:00:00.000 +0300,492,413
2024-01-01 00:00:00.000 +0300,569,1
2023-01-01 00:00:00.000 +0300,534,235
2022-01-01 00:00:00.000 +0300,606,13
2023-01-01 00:00:00.000 +0300,484,70
2024-01-01 00:00:00.000 +0300,176,248
2025-01-01 00:00:00.000 +0300,101,704
2023-01-01 00:00:00.000 +0300,93,629
2022-01-01 00:00:00.000 +0300,185,834
2022-01-01 00:00:00.000 +0300,533,299
2021-01-01 00:00:00.000 +0300,438,348
2020-01-01 00:00:00.000 +0300,320,103
2021-01-01 00:00:00.000 +0300,8,22147
2021-01-01 00:00:00.000 +0300,114,86
2021-01-01 00:00:00.000 +0300,165,147
2023-01-01 00:00:00.000 +0300,685,3
2025-01-01 00:00:00.000 +0300,262,73
2020-01-01 00:00:00.000 +0300,127,22
2024-01-01 00:00:00.000 +0300,186,6
2022-01-01 00:00:00.000 +0300,172,55
2021-01-01 00:00:00.000 +0300,179,3
2020-01-01 00:00:00.000 +0300,520,5
2022-01-01 00:00:00.000 +0300,507,2009
2024-01-01 00:00:00.000 +0300,120,119
2022-01-01 00:00:00.000 +0300,542,87
2021-01-01 00:00:00.000 +0300,409,184
2023-01-01 00:00:00.000 +0300,179,1
2023-01-01 00:00:00.000 +0300,411,166
2023-01-01 00:00:00.000 +0300,176,293
2025-01-01 00:00:00.000 +0300,154,32
2024-01-01 00:00:00.000 +0300,287,13
2021-01-01 00:00:00.000 +0300,55,1793
2021-01-01 00:00:00.000 +0300,600,9
2022-01-01 00:00:00.000 +0300,415,1893
2025-01-01 00:00:00.000 +0300,687,76
2023-01-01 00:00:00.000 +0300,153,40
2024-01-01 00:00:00.000 +0300,14,1511
2023-01-01 00:00:00.000 +0300,233,530
2023-01-01 00:00:00.000 +0300,505,3082
2021-01-01 00:00:00.000 +0300,226,1218
2024-01-01 00:00:00.000 +0300,633,102
2023-01-01 00:00:00.000 +0300,163,183
2023-01-01 00:00:00.000 +0300,11,3030
2022-01-01 00:00:00.000 +0300,226,2756
2025-01-01 00:00:00.000 +0300,704,19
2025-01-01 00:00:00.000 +0300,545,4
2021-01-01 00:00:00.000 +0300,496,562
2021-01-01 00:00:00.000 +0300,101,1835
2022-01-01 00:00:00.000 +0300,522,8124
2022-01-01 00:00:00.000 +0300,19,7
2024-01-01 00:00:00.000 +0300,487,74
2023-01-01 00:00:00.000 +0300,29,462
2022-01-01 00:00:00.000 +0300,199,8
2022-01-01 00:00:00.000 +0300,101,1582
2023-01-01 00:00:00.000 +0300,409,49
2024-01-01 00:00:00.000 +0300,536,77
2024-01-01 00:00:00.000 +0300,241,987
2024-01-01 00:00:00.000 +0300,212,204
2020-01-01 00:00:00.000 +0300,540,5
2022-01-01 00:00:00.000 +0300,177,656
2023-01-01 00:00:00.000 +0300,149,1
2020-01-01 00:00:00.000 +0300,545,5
2025-01-01 00:00:00.000 +0300,160,23
2022-01-01 00:00:00.000 +0300,532,382
2025-01-01 00:00:00.000 +0300,121,17
2024-01-01 00:00:00.000 +0300,93,577
2021-01-01 00:00:00.000 +0300,217,1308
2023-01-01 00:00:00.000 +0300,116,57
2024-01-01 00:00:00.000 +0300,471,44
2022-01-01 00:00:00.000 +0300,71,524
2020-01-01 00:00:00.000 +0300,147,17
2022-01-01 00:00:00.000 +0300,256,11
2025-01-01 00:00:00.000 +0300,619,85
2022-01-01 00:00:00.000 +0300,223,2281
2023-01-01 00:00:00.000 +0300,566,23
2024-01-01 00:00:00.000 +0300,169,50
2024-01-01 00:00:00.000 +0300,547,24
2023-01-01 00:00:00.000 +0300,689,242
2025-01-01 00:00:00.000 +0300,529,18
2025-01-01 00:00:00.000 +0300,220,12954
2024-01-01 00:00:00.000 +0300,497,5
2024-01-01 00:00:00.000 +0300,224,15447
2023-01-01 00:00:00.000 +0300,189,933
2020-01-01 00:00:00.000 +0300,211,1
2023-01-01 00:00:00.000 +0300,490,184
2025-01-01 00:00:00.000 +0300,683,1
2024-01-01 00:00:00.000 +0300,174,19
2021-01-01 00:00:00.000 +0300,608,1
2025-01-01 00:00:00.000 +0300,426,33
2020-01-01 00:00:00.000 +0300,553,2
2025-01-01 00:00:00.000 +0300,425,14
2023-01-01 00:00:00.000 +0300,625,19
2024-01-01 00:00:00.000 +0300,525,173
2021-01-01 00:00:00.000 +0300,545,263
2023-01-01 00:00:00.000 +0300,630,225
2022-01-01 00:00:00.000 +0300,170,356
2022-01-01 00:00:00.000 +0300,574,3
2023-01-01 00:00:00.000 +0300,405,122
2021-01-01 00:00:00.000 +0300,94,5845
2023-01-01 00:00:00.000 +0300,486,34
2021-01-01 00:00:00.000 +0300,536,429
2020-01-01 00:00:00.000 +0300,19,33
2020-01-01 00:00:00.000 +0300,313,61
2023-01-01 00:00:00.000 +0300,553,16
2022-01-01 00:00:00.000 +0300,138,2
2025-01-01 00:00:00.000 +0300,550,4
2023-01-01 00:00:00.000 +0300,543,77
2020-01-01 00:00:00.000 +0300,123,52
2020-01-01 00:00:00.000 +0300,547,3
2021-01-01 00:00:00.000 +0300,6,19096
2025-01-01 00:00:00.000 +0300,694,9
2022-01-01 00:00:00.000 +0300,553,21
2023-01-01 00:00:00.000 +0300,506,2471
2020-01-01 00:00:00.000 +0300,548,3
2024-01-01 00:00:00.000 +0300,640,19
2023-01-01 00:00:00.000 +0300,423,90
2023-01-01 00:00:00.000 +0300,248,3235
2023-01-01 00:00:00.000 +0300,89,1216
2020-01-01 00:00:00.000 +0300,544,6
2025-01-01 00:00:00.000 +0300,167,5
2025-01-01 00:00:00.000 +0300,35,66
2021-01-01 00:00:00.000 +0300,154,94
2020-01-01 00:00:00.000 +0300,423,181
2025-01-01 00:00:00.000 +0300,79,260
2025-01-01 00:00:00.000 +0300,519,1
2023-01-01 00:00:00.000 +0300,417,19
2024-01-01 00:00:00.000 +0300,561,6996
2021-01-01 00:00:00.000 +0300,176,267
2020-01-01 00:00:00.000 +0300,182,2
2025-01-01 00:00:00.000 +0300,68,3582
2021-01-01 00:00:00.000 +0300,315,71
2024-01-01 00:00:00.000 +0300,113,94
2020-01-01 00:00:00.000 +0300,101,970
2025-01-01 00:00:00.000 +0300,549,1
2025-01-01 00:00:00.000 +0300,285,16
2022-01-01 00:00:00.000 +0300,557,3
2020-01-01 00:00:00.000 +0300,21,9554
2023-01-01 00:00:00.000 +0300,560,2
2020-01-01 00:00:00.000 +0300,220,677
2025-01-01 00:00:00.000 +0300,632,11
2024-01-01 00:00:00.000 +0300,425,19
2020-01-01 00:00:00.000 +0300,107,183
2023-01-01 00:00:00.000 +0300,79,1022
2020-01-01 00:00:00.000 +0300,103,2025
2020-01-01 00:00:00.000 +0300,14,7053
2022-01-01 00:00:00.000 +0300,109,268
2021-01-01 00:00:00.000 +0300,130,2
2023-01-01 00:00:00.000 +0300,700,32
2025-01-01 00:00:00.000 +0300,483,5423
2022-01-01 00:00:00.000 +0300,608,1
2024-01-01 00:00:00.000 +0300,194,2814
2020-01-01 00:00:00.000 +0300,139,1
2021-01-01 00:00:00.000 +0300,500,122
2025-01-01 00:00:00.000 +0300,745,29
2022-01-01 00:00:00.000 +0300,96,3148
2024-01-01 00:00:00.000 +0300,494,2
2025-01-01 00:00:00.000 +0300,229,631
2021-01-01 00:00:00.000 +0300,512,132
2025-01-01 00:00:00.000 +0300,559,1
2025-01-01 00:00:00.000 +0300,272,4
2020-01-01 00:00:00.000 +0300,166,15
2020-01-01 00:00:00.000 +0300,309,182
2024-01-01 00:00:00.000 +0300,116,45
2022-01-01 00:00:00.000 +0300,489,10265
2021-01-01 00:00:00.000 +0300,490,292
2024-01-01 00:00:00.000 +0300,546,26
2023-01-01 00:00:00.000 +0300,256,186
2020-01-01 00:00:00.000 +0300,203,1
2023-01-01 00:00:00.000 +0300,606,30
2023-01-01 00:00:00.000 +0300,188,3692
2023-01-01 00:00:00.000 +0300,523,8832
2022-01-01 00:00:00.000 +0300,153,43
2020-01-01 00:00:00.000 +0300,302,121
2025-01-01 00:00:00.000 +0300,74,1
2021-01-01 00:00:00.000 +0300,81,2720
2024-01-01 00:00:00.000 +0300,449,5
2024-01-01 00:00:00.000 +0300,150,458
2025-01-01 00:00:00.000 +0300,725,58
2021-01-01 00:00:00.000 +0300,417,50
2020-01-01 00:00:00.000 +0300,108,86
2025-01-01 00:00:00.000 +0300,152,43
2025-01-01 00:00:00.000 +0300,166,4
2020-01-01 00:00:00.000 +0300,537,11
2023-01-01 00:00:00.000 +0300,509,1219
2025-01-01 00:00:00.000 +0300,556,1
2025-01-01 00:00:00.000 +0300,509,249
2020-01-01 00:00:00.000 +0300,162,42
2023-01-01 00:00:00.000 +0300,436,34
2021-01-01 00:00:00.000 +0300,432,109
2025-01-01 00:00:00.000 +0300,21,3812
2022-01-01 00:00:00.000 +0300,512,687
2022-01-01 00:00:00.000 +0300,240,2593
2025-01-01 00:00:00.000 +0300,127,3
2023-01-01 00:00:00.000 +0300,539,126
2022-01-01 00:00:00.000 +0300,151,58
2024-01-01 00:00:00.000 +0300,222,5583
2022-01-01 00:00:00.000 +0300,175,83
2023-01-01 00:00:00.000 +0300,482,2923
2023-01-01 00:00:00.000 +0300,112,437
2024-01-01 00:00:00.000 +0300,253,1593
2023-01-01 00:00:00.000 +0300,603,11
2021-01-01 00:00:00.000 +0300,510,35
2020-01-01 00:00:00.000 +0300,32,94
2025-01-01 00:00:00.000 +0300,280,13
2025-01-01 00:00:00.000 +0300,128,6
2021-01-01 00:00:00.000 +0300,402,1191
2022-01-01 00:00:00.000 +0300,607,9
2025-01-01 00:00:00.000 +0300,188,1230
2024-01-01 00:00:00.000 +0300,473,4
2020-01-01 00:00:00.000 +0300,558,1
2021-01-01 00:00:00.000 +0300,29,203
2025-01-01 00:00:00.000 +0300,741,162
2024-01-01 00:00:00.000 +0300,252,9
2021-01-01 00:00:00.000 +0300,127,57
2023-01-01 00:00:00.000 +0300,507,7597
2025-01-01 00:00:00.000 +0300,207,106
2022-01-01 00:00:00.000 +0300,165,103
2020-01-01 00:00:00.000 +0300,115,10
2022-01-01 00:00:00.000 +0300,11,4244
2021-01-01 00:00:00.000 +0300,167,39
2025-01-01 00:00:00.000 +0300,225,2133
2023-01-01 00:00:00.000 +0300,642,27
2021-01-01 00:00:00.000 +0300,320,282
2021-01-01 00:00:00.000 +0300,506,346
2024-01-01 00:00:00.000 +0300,191,2523
2022-01-01 00:00:00.000 +0300,600,23
2021-01-01 00:00:00.000 +0300,224,5633
2024-01-01 00:00:00.000 +0300,632,225
2022-01-01 00:00:00.000 +0300,127,54
2020-01-01 00:00:00.000 +0300,183,6332
2020-01-01 00:00:00.000 +0300,512,2
2024-01-01 00:00:00.000 +0300,281,46
2023-01-01 00:00:00.000 +0300,562,109
2023-01-01 00:00:00.000 +0300,544,67
2025-01-01 00:00:00.000 +0300,258,145
2020-01-01 00:00:00.000 +0300,30,15
2024-01-01 00:00:00.000 +0300,144,154
2022-01-01 00:00:00.000 +0300,548,37
2022-01-01 00:00:00.000 +0300,51,2037
2021-01-01 00:00:00.000 +0300,576,3
2021-01-01 00:00:00.000 +0300,189,318
2025-01-01 00:00:00.000 +0300,643,80
2023-01-01 00:00:00.000 +0300,21,9649
2021-01-01 00:00:00.000 +0300,554,84
2025-01-01 00:00:00.000 +0300,109,40
2025-01-01 00:00:00.000 +0300,555,1
2020-01-01 00:00:00.000 +0300,75,994
2025-01-01 00:00:00.000 +0300,110,439
2022-01-01 00:00:00.000 +0300,224,10573
2021-01-01 00:00:00.000 +0300,10,6412
2025-01-01 00:00:00.000 +0300,196,910
2022-01-01 00:00:00.000 +0300,486,41
2025-01-01 00:00:00.000 +0300,275,11
2023-01-01 00:00:00.000 +0300,533,240
2022-01-01 00:00:00.000 +0300,104,233
2020-01-01 00:00:00.000 +0300,519,512
2020-01-01 00:00:00.000 +0300,491,5
2024-01-01 00:00:00.000 +0300,629,7
2022-01-01 00:00:00.000 +0300,558,4
2024-01-01 00:00:00.000 +0300,204,321
2022-01-01 00:00:00.000 +0300,481,3865
2024-01-01 00:00:00.000 +0300,178,77
2023-01-01 00:00:00.000 +0300,102,1
2025-01-01 00:00:00.000 +0300,462,47
2023-01-01 00:00:00.000 +0300,596,138
2023-01-01 00:00:00.000 +0300,629,11
2022-01-01 00:00:00.000 +0300,248,3334
2022-01-01 00:00:00.000 +0300,107,284
2022-01-01 00:00:00.000 +0300,94,4104
2025-01-01 00:00:00.000 +0300,689,299
2021-01-01 00:00:00.000 +0300,499,163
2025-01-01 00:00:00.000 +0300,491,201
2023-01-01 00:00:00.000 +0300,641,1
2024-01-01 00:00:00.000 +0300,493,990
2025-01-01 00:00:00.000 +0300,253,410
2020-01-01 00:00:00.000 +0300,134,1
2022-01-01 00:00:00.000 +0300,506,1481
2020-01-01 00:00:00.000 +0300,554,1
2024-01-01 00:00:00.000 +0300,279,5
2021-01-01 00:00:00.000 +0300,135,3
2023-01-01 00:00:00.000 +0300,226,3937
2024-01-01 00:00:00.000 +0300,743,72
2023-01-01 00:00:00.000 +0300,636,15
2021-01-01 00:00:00.000 +0300,527,844
2022-01-01 00:00:00.000 +0300,534,294
2025-01-01 00:00:00.000 +0300,17,1782
2022-01-01 00:00:00.000 +0300,544,73
2021-01-01 00:00:00.000 +0300,523,41708
2024-01-01 00:00:00.000 +0300,745,8
2023-01-01 00:00:00.000 +0300,529,367
2022-01-01 00:00:00.000 +0300,315,30
2024-01-01 00:00:00.000 +0300,170,258
2024-01-01 00:00:00.000 +0300,183,1282
2025-01-01 00:00:00.000 +0300,120,37
2025-01-01 00:00:00.000 +0300,548,4
2024-01-01 00:00:00.000 +0300,557,9
2021-01-01 00:00:00.000 +0300,151,39
2022-01-01 00:00:00.000 +0300,592,30
2023-01-01 00:00:00.000 +0300,81,285
2020-01-01 00:00:00.000 +0300,592,4
2022-01-01 00:00:00.000 +0300,110,1539
2022-01-01 00:00:00.000 +0300,425,7
2025-01-01 00:00:00.000 +0300,211,1
2021-01-01 00:00:00.000 +0300,525,1158
2025-01-01 00:00:00.000 +0300,168,4
2023-01-01 00:00:00.000 +0300,251,265
2025-01-01 00:00:00.000 +0300,402,209
2025-01-01 00:00:00.000 +0300,96,1505
2024-01-01 00:00:00.000 +0300,71,291
2024-01-01 00:00:00.000 +0300,111,566
2023-01-01 00:00:00.000 +0300,126,2
2024-01-01 00:00:00.000 +0300,10,3259
2023-01-01 00:00:00.000 +0300,597,114
2023-01-01 00:00:00.000 +0300,125,30
2022-01-01 00:00:00.000 +0300,566,18
2023-01-01 00:00:00.000 +0300,493,1098
2022-01-01 00:00:00.000 +0300,527,538
2024-01-01 00:00:00.000 +0300,451,5
2023-01-01 00:00:00.000 +0300,111,427
2021-01-01 00:00:00.000 +0300,205,179
2023-01-01 00:00:00.000 +0300,164,247
2023-01-01 00:00:00.000 +0300,502,2232
2025-01-01 00:00:00.000 +0300,638,1
2021-01-01 00:00:00.000 +0300,405,1234
2022-01-01 00:00:00.000 +0300,188,3081
2021-01-01 00:00:00.000 +0300,509,133
2024-01-01 00:00:00.000 +0300,618,2554
2022-01-01 00:00:00.000 +0300,618,2297
2025-01-01 00:00:00.000 +0300,277,227
2021-01-01 00:00:00.000 +0300,412,590
2023-01-01 00:00:00.000 +0300,165,62
2025-01-01 00:00:00.000 +0300,235,150
2022-01-01 00:00:00.000 +0300,16,15815
2020-01-01 00:00:00.000 +0300,536,25
2025-01-01 00:00:00.000 +0300,29,135
2022-01-01 00:00:00.000 +0300,568,1
2022-01-01 00:00:00.000 +0300,549,28
2022-01-01 00:00:00.000 +0300,111,513
2020-01-01 00:00:00.000 +0300,177,312
2024-01-01 00:00:00.000 +0300,206,298
2024-01-01 00:00:00.000 +0300,552,12
2022-01-01 00:00:00.000 +0300,134,2
2024-01-01 00:00:00.000 +0300,11,2371
2020-01-01 00:00:00.000 +0300,105,309
2021-01-01 00:00:00.000 +0300,60,5716
2021-01-01 00:00:00.000 +0300,483,3705
2024-01-01 00:00:00.000 +0300,566,1
2021-01-01 00:00:00.000 +0300,185,1407
2020-01-01 00:00:00.000 +0300,316,21
2025-01-01 00:00:00.000 +0300,189,377
2021-01-01 00:00:00.000 +0300,120,108
2021-01-01 00:00:00.000 +0300,493,991
2021-01-01 00:00:00.000 +0300,307,301
2025-01-01 00:00:00.000 +0300,524,21
2023-01-01 00:00:00.000 +0300,68,13551
2023-01-01 00:00:00.000 +0300,574,8
2021-01-01 00:00:00.000 +0300,197,1701
2024-01-01 00:00:00.000 +0300,88,30
2024-01-01 00:00:00.000 +0300,692,206
2025-01-01 00:00:00.000 +0300,204,79
2025-01-01 00:00:00.000 +0300,163,51
2023-01-01 00:00:00.000 +0300,205,1147
2025-01-01 00:00:00.000 +0300,263,42
2020-01-01 00:00:00.000 +0300,310,126
2021-01-01 00:00:00.000 +0300,79,1544
2020-01-01 00:00:00.000 +0300,541,5
2022-01-01 00:00:00.000 +0300,123,60
2024-01-01 00:00:00.000 +0300,551,14
2024-01-01 00:00:00.000 +0300,435,281
2022-01-01 00:00:00.000 +0300,572,68
2024-01-01 00:00:00.000 +0300,162,130
2021-01-01 00:00:00.000 +0300,249,1
2023-01-01 00:00:00.000 +0300,250,6886
2025-01-01 00:00:00.000 +0300,251,56
2022-01-01 00:00:00.000 +0300,436,19
2022-01-01 00:00:00.000 +0300,597,81
2020-01-01 00:00:00.000 +0300,25,9805
2023-01-01 00:00:00.000 +0300,404,1255
2024-01-01 00:00:00.000 +0300,29,402
2021-01-01 00:00:00.000 +0300,171,310
2022-01-01 00:00:00.000 +0300,247,4852
2020-01-01 00:00:00.000 +0300,209,2
2021-01-01 00:00:00.000 +0300,301,2046
2024-01-01 00:00:00.000 +0300,35,227
2023-01-01 00:00:00.000 +0300,49,4
2022-01-01 00:00:00.000 +0300,225,5504
2023-01-01 00:00:00.000 +0300,635,25
2021-01-01 00:00:00.000 +0300,232,495
2023-01-01 00:00:00.000 +0300,147,26
2024-01-01 00:00:00.000 +0300,104,273
2025-01-01 00:00:00.000 +0300,107,140
2020-01-01 00:00:00.000 +0300,321,40
2022-01-01 00:00:00.000 +0300,32,241
2023-01-01 00:00:00.000 +0300,522,9563
2020-01-01 00:00:00.000 +0300,109,140
2021-01-01 00:00:00.000 +0300,565,98
2022-01-01 00:00:00.000 +0300,418,157
2020-01-01 00:00:00.000 +0300,304,763
2022-01-01 00:00:00.000 +0300,25,15179
2020-01-01 00:00:00.000 +0300,88,35
2024-01-01 00:00:00.000 +0300,608,3
2024-01-01 00:00:00.000 +0300,597,35
2025-01-01 00:00:00.000 +0300,208,142
2022-01-01 00:00:00.000 +0300,178,41
2021-01-01 00:00:00.000 +0300,71,554
2021-01-01 00:00:00.000 +0300,123,118
2025-01-01 00:00:00.000 +0300,116,15
2020-01-01 00:00:00.000 +0300,12,4121
2022-01-01 00:00:00.000 +0300,14,3088
2025-01-01 00:00:00.000 +0300,153,17
2021-01-01 00:00:00.000 +0300,581,4
2020-01-01 00:00:00.000 +0300,539,6
2023-01-01 00:00:00.000 +0300,192,1525
2024-01-01 00:00:00.000 +0300,634,61
2024-01-01 00:00:00.000 +0300,543,50
2024-01-01 00:00:00.000 +0300,419,367
2022-01-01 00:00:00.000 +0300,467,1384
2022-01-01 00:00:00.000 +0300,564,69
2025-01-01 00:00:00.000 +0300,692,63
2022-01-01 00:00:00.000 +0300,222,3861
2023-01-01 00:00:00.000 +0300,173,49
2024-01-01 00:00:00.000 +0300,25,10507
2025-01-01 00:00:00.000 +0300,279,8
2023-01-01 00:00:00.000 +0300,339,65
2021-01-01 00:00:00.000 +0300,424,300
2024-01-01 00:00:00.000 +0300,101,2118
2020-01-01 00:00:00.000 +0300,418,123
2025-01-01 00:00:00.000 +0300,222,1920
2020-01-01 00:00:00.000 +0300,68,7826
2020-01-01 00:00:00.000 +0300,525,127
2021-01-01 00:00:00.000 +0300,72,439
2024-01-01 00:00:00.000 +0300,110,1755
2022-01-01 00:00:00.000 +0300,422,1299
2023-01-01 00:00:00.000 +0300,30,2789
2023-01-01 00:00:00.000 +0300,134,1
2024-01-01 00:00:00.000 +0300,505,3927
2022-01-01 00:00:00.000 +0300,251,787
2023-01-01 00:00:00.000 +0300,6,18131
2023-01-01 00:00:00.000 +0300,638,7
2021-01-01 00:00:00.000 +0300,570,5
2023-01-01 00:00:00.000 +0300,122,85
2025-01-01 00:00:00.000 +0300,159,15
2021-01-01 00:00:00.000 +0300,159,67
2021-01-01 00:00:00.000 +0300,541,290
2023-01-01 00:00:00.000 +0300,554,9
2020-01-01 00:00:00.000 +0300,497,381
2022-01-01 00:00:00.000 +0300,497,684
2025-01-01 00:00:00.000 +0300,621,161
2020-01-01 00:00:00.000 +0300,11,3269
2024-01-01 00:00:00.000 +0300,166,18
2023-01-01 00:00:00.000 +0300,504,2909
2025-01-01 00:00:00.000 +0300,466,8
2022-01-01 00:00:00.000 +0300,194,1209
2022-01-01 00:00:00.000 +0300,421,244
2022-01-01 00:00:00.000 +0300,259,156
2025-01-01 00:00:00.000 +0300,546,4
2022-01-01 00:00:00.000 +0300,17,10120
2021-01-01 00:00:00.000 +0300,553,86
2024-01-01 00:00:00.000 +0300,404,349
2021-01-01 00:00:00.000 +0300,488,11
2022-01-01 00:00:00.000 +0300,88,57
2024-01-01 00:00:00.000 +0300,125,21
2022-01-01 00:00:00.000 +0300,8,16286
2025-01-01 00:00:00.000 +0300,487,2
2022-01-01 00:00:00.000 +0300,519,2
2021-01-01 00:00:00.000 +0300,551,119
2024-01-01 00:00:00.000 +0300,601,17
2021-01-01 00:00:00.000 +0300,222,3725
2021-01-01 00:00:00.000 +0300,112,394
2024-01-01 00:00:00.000 +0300,534,89
2025-01-01 00:00:00.000 +0300,458,67
2023-01-01 00:00:00.000 +0300,243,2
2022-01-01 00:00:00.000 +0300,552,32
2021-01-01 00:00:00.000 +0300,166,23
2025-01-01 00:00:00.000 +0300,544,3
2022-01-01 00:00:00.000 +0300,513,169
2024-01-01 00:00:00.000 +0300,55,1638
2024-01-01 00:00:00.000 +0300,95,253
2022-01-01 00:00:00.000 +0300,314,23
2024-01-01 00:00:00.000 +0300,259,33
2022-01-01 00:00:00.000 +0300,189,472
2023-01-01 00:00:00.000 +0300,270,12
2023-01-01 00:00:00.000 +0300,52,15486
2025-01-01 00:00:00.000 +0300,181,9
2024-01-01 00:00:00.000 +0300,642,25
2024-01-01 00:00:00.000 +0300,623,2122
2023-01-01 00:00:00.000 +0300,499,385
2025-01-01 00:00:00.000 +0300,112,168
2024-01-01 00:00:00.000 +0300,558,4
2023-01-01 00:00:00.000 +0300,549,20
2025-01-01 00:00:00.000 +0300,595,2
2021-01-01 00:00:00.000 +0300,14,11278
2020-01-01 00:00:00.000 +0300,504,580
2025-01-01 00:00:00.000 +0300,16,3947
2022-01-01 00:00:00.000 +0300,320,93
2021-01-01 00:00:00.000 +0300,67,1925
2020-01-01 00:00:00.000 +0300,96,1526
2020-01-01 00:00:00.000 +0300,200,16
2024-01-01 00:00:00.000 +0300,428,2377
2025-01-01 00:00:00.000 +0300,183,440
2023-01-01 00:00:00.000 +0300,419,1724
2020-01-01 00:00:00.000 +0300,193,89
2023-01-01 00:00:00.000 +0300,510,123
2022-01-01 00:00:00.000 +0300,530,464
2023-01-01 00:00:00.000 +0300,72,74
2025-01-01 00:00:00.000 +0300,287,21
2023-01-01 00:00:00.000 +0300,212,208
2024-01-01 00:00:00.000 +0300,188,3878
2024-01-01 00:00:00.000 +0300,489,19111
2023-01-01 00:00:00.000 +0300,71,360
2024-01-01 00:00:00.000 +0300,232,2402
2020-01-01 00:00:00.000 +0300,527,44
2022-01-01 00:00:00.000 +0300,316,11
2020-01-01 00:00:00.000 +0300,421,158
2024-01-01 00:00:00.000 +0300,16,13164
2023-01-01 00:00:00.000 +0300,177,534
2024-01-01 00:00:00.000 +0300,685,2
2025-01-01 00:00:00.000 +0300,471,18
2024-01-01 00:00:00.000 +0300,545,28
2022-01-01 00:00:00.000 +0300,164,312
2025-01-01 00:00:00.000 +0300,144,32
2024-01-01 00:00:00.000 +0300,540,60
2025-01-01 00:00:00.000 +0300,552,3
2024-01-01 00:00:00.000 +0300,164,210
2025-01-01 00:00:00.000 +0300,195,490
2022-01-01 00:00:00.000 +0300,61,519
2020-01-01 00:00:00.000 +0300,113,80
2021-01-01 00:00:00.000 +0300,247,1
2023-01-01 00:00:00.000 +0300,545,58
2021-01-01 00:00:00.000 +0300,51,2898
2025-01-01 00:00:00.000 +0300,150,169
2025-01-01 00:00:00.000 +0300,223,1000
2021-01-01 00:00:00.000 +0300,208,142
2022-01-01 00:00:00.000 +0300,402,807
2024-01-01 00:00:00.000 +0300,512,1122
2020-01-01 00:00:00.000 +0300,503,111
2024-01-01 00:00:00.000 +0300,127,13
2024-01-01 00:00:00.000 +0300,627,15
2021-01-01 00:00:00.000 +0300,593,1
2021-01-01 00:00:00.000 +0300,497,961
2023-01-01 00:00:00.000 +0300,255,28
2021-01-01 00:00:00.000 +0300,549,158
2022-01-01 00:00:00.000 +0300,643,93
2022-01-01 00:00:00.000 +0300,509,945
2025-01-01 00:00:00.000 +0300,339,37
2020-01-01 00:00:00.000 +0300,136,44
2020-01-01 00:00:00.000 +0300,411,322
2023-01-01 00:00:00.000 +0300,688,1
2020-01-01 00:00:00.000 +0300,311,105
2022-01-01 00:00:00.000 +0300,126,1
2024-01-01 00:00:00.000 +0300,17,6875
2023-01-01 00:00:00.000 +0300,206,203
2022-01-01 00:00:00.000 +0300,308,145
2023-01-01 00:00:00.000 +0300,567,4
2025-01-01 00:00:00.000 +0300,228,5
2021-01-01 00:00:00.000 +0300,225,2478
2025-01-01 00:00:00.000 +0300,642,12
2023-01-01 00:00:00.000 +0300,252,14
2023-01-01 00:00:00.000 +0300,62,767
2022-01-01 00:00:00.000 +0300,622,1912
2023-01-01 00:00:00.000 +0300,644,12
2024-01-01 00:00:00.000 +0300,501,4227
2025-01-01 00:00:00.000 +0300,266,354
2023-01-01 00:00:00.000 +0300,274,2
2022-01-01 00:00:00.000 +0300,303,122
2023-01-01 00:00:00.000 +0300,150,377
2022-01-01 00:00:00.000 +0300,311,135
2020-01-01 00:00:00.000 +0300,125,21
2021-01-01 00:00:00.000 +0300,109,252
2023-01-01 00:00:00.000 +0300,538,137
2020-01-01 00:00:00.000 +0300,501,1383
2023-01-01 00:00:00.000 +0300,481,5001
2023-01-01 00:00:00.000 +0300,67,1863
2022-01-01 00:00:00.000 +0300,310,254
2023-01-01 00:00:00.000 +0300,86,558
2020-01-01 00:00:00.000 +0300,87,86
2020-01-01 00:00:00.000 +0300,206,13
2023-01-01 00:00:00.000 +0300,412,158
2020-01-01 00:00:00.000 +0300,529,45
2021-01-01 00:00:00.000 +0300,619,96
2023-01-01 00:00:00.000 +0300,532,284
2025-01-01 00:00:00.000 +0300,249,1430
2023-01-01 00:00:00.000 +0300,172,57
2025-01-01 00:00:00.000 +0300,490,28
2022-01-01 00:00:00.000 +0300,238,7
2021-01-01 00:00:00.000 +0300,52,23280
2021-01-01 00:00:00.000 +0300,573,47
2023-01-01 00:00:00.000 +0300,253,2108
2025-01-01 00:00:00.000 +0300,200,1433
2024-01-01 00:00:00.000 +0300,570,1
2020-01-01 00:00:00.000 +0300,95,395
2020-01-01 00:00:00.000 +0300,314,26
2021-01-01 00:00:00.000 +0300,193,264
2021-01-01 00:00:00.000 +0300,531,671
2023-01-01 00:00:00.000 +0300,60,2917
2023-01-01 00:00:00.000 +0300,12,3542
2022-01-01 00:00:00.000 +0300,438,321
2023-01-01 00:00:00.000 +0300,221,1716
2023-01-01 00:00:00.000 +0300,489,16404
2021-01-01 00:00:00.000 +0300,534,534
2024-01-01 00:00:00.000 +0300,207,529
2021-01-01 00:00:00.000 +0300,169,47
2023-01-01 00:00:00.000 +0300,181,78
2021-01-01 00:00:00.000 +0300,423,413
2022-01-01 00:00:00.000 +0300,633,7
2021-01-01 00:00:00.000 +0300,204,4151
2024-01-01 00:00:00.000 +0300,175,49
2021-01-01 00:00:00.000 +0300,317,36
2022-01-01 00:00:00.000 +0300,482,1962
2020-01-01 00:00:00.000 +0300,405,403
2025-01-01 00:00:00.000 +0300,468,11
2022-01-01 00:00:00.000 +0300,22,1204
2024-01-01 00:00:00.000 +0300,422,48
2022-01-01 00:00:00.000 +0300,634,4
2022-01-01 00:00:00.000 +0300,599,46
2024-01-01 00:00:00.000 +0300,616,20
2023-01-01 00:00:00.000 +0300,258,507
2025-01-01 00:00:00.000 +0300,171,61
2023-01-01 00:00:00.000 +0300,535,193
2024-01-01 00:00:00.000 +0300,635,46
2022-01-01 00:00:00.000 +0300,244,3
2021-01-01 00:00:00.000 +0300,540,318
2025-01-01 00:00:00.000 +0300,224,6581
2024-01-01 00:00:00.000 +0300,133,1716
2024-01-01 00:00:00.000 +0300,686,2
2025-01-01 00:00:00.000 +0300,234,612
2022-01-01 00:00:00.000 +0300,550,26
2022-01-01 00:00:00.000 +0300,567,7
2023-01-01 00:00:00.000 +0300,151,66
2025-01-01 00:00:00.000 +0300,94,1732
2020-01-01 00:00:00.000 +0300,126,1
2022-01-01 00:00:00.000 +0300,113,149
2024-01-01 00:00:00.000 +0300,28,546
2023-01-01 00:00:00.000 +0300,547,25
2024-01-01 00:00:00.000 +0300,441,7
2021-01-01 00:00:00.000 +0300,125,30
2025-01-01 00:00:00.000 +0300,72,1
2020-01-01 00:00:00.000 +0300,420,40
2025-01-01 00:00:00.000 +0300,536,16
2025-01-01 00:00:00.000 +0300,435,136
2024-01-01 00:00:00.000 +0300,272,27
2023-01-01 00:00:00.000 +0300,127,27
2023-01-01 00:00:00.000 +0300,592,5
2025-01-01 00:00:00.000 +0300,286,268
2025-01-01 00:00:00.000 +0300,467,246
2024-01-01 00:00:00.000 +0300,619,314
2020-01-01 00:00:00.000 +0300,6,11647
2023-01-01 00:00:00.000 +0300,105,392
2025-01-01 00:00:00.000 +0300,562,3
2024-01-01 00:00:00.000 +0300,154,104
2024-01-01 00:00:00.000 +0300,466,16
2022-01-01 00:00:00.000 +0300,614,1
2025-01-01 00:00:00.000 +0300,539,10
2023-01-01 00:00:00.000 +0300,133,1711
2021-01-01 00:00:00.000 +0300,501,2663
2022-01-01 00:00:00.000 +0300,536,211
2024-01-01 00:00:00.000 +0300,599,26
2022-01-01 00:00:00.000 +0300,103,3565
2021-01-01 00:00:00.000 +0300,128,38
2025-01-01 00:00:00.000 +0300,489,1503
2022-01-01 00:00:00.000 +0300,29,328
2023-01-01 00:00:00.000 +0300,259,282
2020-01-01 00:00:00.000 +0300,54,288
2021-01-01 00:00:00.000 +0300,181,51
2021-01-01 00:00:00.000 +0300,436,23
2025-01-01 00:00:00.000 +0300,464,12
2023-01-01 00:00:00.000 +0300,599,75
2020-01-01 00:00:00.000 +0300,435,126
2021-01-01 00:00:00.000 +0300,22,1620
2022-01-01 00:00:00.000 +0300,596,158
2022-01-01 00:00:00.000 +0300,543,80
2024-01-01 00:00:00.000 +0300,500,4
2024-01-01 00:00:00.000 +0300,247,4734
2023-01-01 00:00:00.000 +0300,103,3944
2024-01-01 00:00:00.000 +0300,195,1371
2024-01-01 00:00:00.000 +0300,210,1806
2024-01-01 00:00:00.000 +0300,409,14
2021-01-01 00:00:00.000 +0300,152,71
2024-01-01 00:00:00.000 +0300,89,1193
2024-01-01 00:00:00.000 +0300,603,15
2021-01-01 00:00:00.000 +0300,530,706
2021-01-01 00:00:00.000 +0300,309,744
2024-01-01 00:00:00.000 +0300,548,21
2021-01-01 00:00:00.000 +0300,54,506
2023-01-01 00:00:00.000 +0300,550,24
2022-01-01 00:00:00.000 +0300,192,1332
2024-01-01 00:00:00.000 +0300,256,453
2020-01-01 00:00:00.000 +0300,505,124
2024-01-01 00:00:00.000 +0300,544,38
2021-01-01 00:00:00.000 +0300,571,1
2025-01-01 00:00:00.000 +0300,527,12
2021-01-01 00:00:00.000 +0300,244,5
2025-01-01 00:00:00.000 +0300,633,6
2020-01-01 00:00:00.000 +0300,174,8
2021-01-01 00:00:00.000 +0300,503,244
2020-01-01 00:00:00.000 +0300,195,118
2023-01-01 00:00:00.000 +0300,426,258
2021-01-01 00:00:00.000 +0300,404,3645
2024-01-01 00:00:00.000 +0300,94,3669
2024-01-01 00:00:00.000 +0300,149,1
2020-01-01 00:00:00.000 +0300,171,136
2020-01-01 00:00:00.000 +0300,438,155
2022-01-01 00:00:00.000 +0300,233,245
2024-01-01 00:00:00.000 +0300,258,521
2024-01-01 00:00:00.000 +0300,134,1
2021-01-01 00:00:00.000 +0300,507,474
2023-01-01 00:00:00.000 +0300,87,104
2023-01-01 00:00:00.000 +0300,152,116
2020-01-01 00:00:00.000 +0300,492,5
2024-01-01 00:00:00.000 +0300,217,394
2021-01-01 00:00:00.000 +0300,111,568
2020-01-01 00:00:00.000 +0300,185,446
2021-01-01 00:00:00.000 +0300,482,1266
2021-01-01 00:00:00.000 +0300,235,87
2024-01-01 00:00:00.000 +0300,443,3
2024-01-01 00:00:00.000 +0300,541,49
2020-01-01 00:00:00.000 +0300,104,168
2021-01-01 00:00:00.000 +0300,537,424
2022-01-01 00:00:00.000 +0300,209,409
2023-01-01 00:00:00.000 +0300,548,25
2020-01-01 00:00:00.000 +0300,52,13237
2021-01-01 00:00:00.000 +0300,242,3
2020-01-01 00:00:00.000 +0300,412,295
2024-01-01 00:00:00.000 +0300,181,58
2023-01-01 00:00:00.000 +0300,420,58
2020-01-01 00:00:00.000 +0300,197,1079
2022-01-01 00:00:00.000 +0300,28,457
2021-01-01 00:00:00.000 +0300,108,168
2024-01-01 00:00:00.000 +0300,285,24
2025-01-01 00:00:00.000 +0300,417,30
2021-01-01 00:00:00.000 +0300,12,6930
2023-01-01 00:00:00.000 +0300,643,242
2021-01-01 00:00:00.000 +0300,134,3
2024-01-01 00:00:00.000 +0300,280,16
2025-01-01 00:00:00.000 +0300,210,522
2023-01-01 00:00:00.000 +0300,501,4335
2022-01-01 00:00:00.000 +0300,404,2428
2022-01-01 00:00:00.000 +0300,563,64
2021-01-01 00:00:00.000 +0300,19,187
2022-01-01 00:00:00.000 +0300,221,1235
2025-01-01 00:00:00.000 +0300,6,10851
2022-01-01 00:00:00.000 +0300,623,1870
2020-01-01 00:00:00.000 +0300,165,35
2021-01-01 00:00:00.000 +0300,190,511
2024-01-01 00:00:00.000 +0300,413,59
2024-01-01 00:00:00.000 +0300,52,13096
2020-01-01 00:00:00.000 +0300,221,60
2021-01-01 00:00:00.000 +0300,494,55
2020-01-01 00:00:00.000 +0300,9,24295
2021-01-01 00:00:00.000 +0300,87,129
2021-01-01 00:00:00.000 +0300,180,448
2025-01-01 00:00:00.000 +0300,133,398
2022-01-01 00:00:00.000 +0300,598,61
2023-01-01 00:00:00.000 +0300,266,884
2024-01-01 00:00:00.000 +0300,406,4
2025-01-01 00:00:00.000 +0300,554,1
2023-01-01 00:00:00.000 +0300,622,3207
2022-01-01 00:00:00.000 +0300,59,291
2022-01-01 00:00:00.000 +0300,217,477
2023-01-01 00:00:00.000 +0300,530,356
2022-01-01 00:00:00.000 +0300,605,100
2024-01-01 00:00:00.000 +0300,112,599
2025-01-01 00:00:00.000 +0300,454,26
2024-01-01 00:00:00.000 +0300,412,57
2024-01-01 00:00:00.000 +0300,426,53
2025-01-01 00:00:00.000 +0300,104,74
2022-01-01 00:00:00.000 +0300,309,321
2023-01-01 00:00:00.000 +0300,138,2
2023-01-01 00:00:00.000 +0300,113,120
2022-01-01 00:00:00.000 +0300,207,362
2024-01-01 00:00:00.000 +0300,415,76
2022-01-01 00:00:00.000 +0300,423,147
2020-01-01 00:00:00.000 +0300,62,700
2025-01-01 00:00:00.000 +0300,271,7
2022-01-01 00:00:00.000 +0300,73,2830
2023-01-01 00:00:00.000 +0300,166,20
2024-01-01 00:00:00.000 +0300,519,1
2022-01-01 00:00:00.000 +0300,52,19733
2024-01-01 00:00:00.000 +0300,152,161
2020-01-01 00:00:00.000 +0300,73,3277
2023-01-01 00:00:00.000 +0300,626,6
2024-01-01 00:00:00.000 +0300,418,88
2025-01-01 00:00:00.000 +0300,538,14
2024-01-01 00:00:00.000 +0300,240,523
2023-01-01 00:00:00.000 +0300,231,5
2020-01-01 00:00:00.000 +0300,533,33
2023-01-01 00:00:00.000 +0300,35,390
2022-01-01 00:00:00.000 +0300,89,1014
2024-01-01 00:00:00.000 +0300,190,1190
2025-01-01 00:00:00.000 +0300,501,1283
2022-01-01 00:00:00.000 +0300,193,412
2023-01-01 00:00:00.000 +0300,170,298
2025-01-01 00:00:00.000 +0300,51,407
2022-01-01 00:00:00.000 +0300,229,271
2021-01-01 00:00:00.000 +0300,30,1206
2025-01-01 00:00:00.000 +0300,624,77
2022-01-01 00:00:00.000 +0300,531,410
2020-01-01 00:00:00.000 +0300,180,254
2024-01-01 00:00:00.000 +0300,528,140
2021-01-01 00:00:00.000 +0300,420,61
2025-01-01 00:00:00.000 +0300,506,287
2023-01-01 00:00:00.000 +0300,139,1
2022-01-01 00:00:00.000 +0300,504,5521
2022-01-01 00:00:00.000 +0300,35,980
2024-01-01 00:00:00.000 +0300,260,114
2023-01-01 00:00:00.000 +0300,561,6996
2022-01-01 00:00:00.000 +0300,406,38
2020-01-01 00:00:00.000 +0300,557,1
2025-01-01 00:00:00.000 +0300,233,358
2025-01-01 00:00:00.000 +0300,508,1021
2020-01-01 00:00:00.000 +0300,484,13
2025-01-01 00:00:00.000 +0300,12,1077
2022-01-01 00:00:00.000 +0300,152,119
2020-01-01 00:00:00.000 +0300,432,62
2024-01-01 00:00:00.000 +0300,636,45
2024-01-01 00:00:00.000 +0300,286,429
2020-01-01 00:00:00.000 +0300,208,21
2023-01-01 00:00:00.000 +0300,263,126
2023-01-01 00:00:00.000 +0300,617,943
2025-01-01 00:00:00.000 +0300,650,167
2023-01-01 00:00:00.000 +0300,203,1229
2020-01-01 00:00:00.000 +0300,79,810
2020-01-01 00:00:00.000 +0300,496,150
2020-01-01 00:00:00.000 +0300,483,746
2022-01-01 00:00:00.000 +0300,67,2012
2022-01-01 00:00:00.000 +0300,420,71
2025-01-01 00:00:00.000 +0300,161,37
2020-01-01 00:00:00.000 +0300,167,16
2023-01-01 00:00:00.000 +0300,601,38
2022-01-01 00:00:00.000 +0300,130,2
2023-01-01 00:00:00.000 +0300,194,2186
2024-01-01 00:00:00.000 +0300,8,12606
2023-01-01 00:00:00.000 +0300,16,15024
2024-01-01 00:00:00.000 +0300,605,30
2023-01-01 00:00:00.000 +0300,418,425
2023-01-01 00:00:00.000 +0300,271,3
2025-01-01 00:00:00.000 +0300,209,143
2021-01-01 00:00:00.000 +0300,192,976
2023-01-01 00:00:00.000 +0300,109,200
2020-01-01 00:00:00.000 +0300,198,404
2025-01-01 00:00:00.000 +0300,486,9
2025-01-01 00:00:00.000 +0300,28,197
2021-01-01 00:00:00.000 +0300,566,68
2021-01-01 00:00:00.000 +0300,574,10
2025-01-01 00:00:00.000 +0300,55,798
2025-01-01 00:00:00.000 +0300,240,286
2022-01-01 00:00:00.000 +0300,501,3669
2023-01-01 00:00:00.000 +0300,207,466
2022-01-01 00:00:00.000 +0300,546,71
2023-01-01 00:00:00.000 +0300,55,1410
2020-01-01 00:00:00.000 +0300,303,37
2022-01-01 00:00:00.000 +0300,183,6044
2024-01-01 00:00:00.000 +0300,63,6447
2024-01-01 00:00:00.000 +0300,30,2150
2021-01-01 00:00:00.000 +0300,173,41
2022-01-01 00:00:00.000 +0300,484,73
2023-01-01 00:00:00.000 +0300,185,458
2021-01-01 00:00:00.000 +0300,491,296
2021-01-01 00:00:00.000 +0300,539,382
2021-01-01 00:00:00.000 +0300,508,363
2024-01-01 00:00:00.000 +0300,496,53
2025-01-01 00:00:00.000 +0300,147,1
2025-01-01 00:00:00.000 +0300,547,5
2023-01-01 00:00:00.000 +0300,526,427
2022-01-01 00:00:00.000 +0300,493,1271
2024-01-01 00:00:00.000 +0300,251,144
2025-01-01 00:00:00.000 +0300,427,1001
2023-01-01 00:00:00.000 +0300,191,2344
2025-01-01 00:00:00.000 +0300,743,37
2024-01-01 00:00:00.000 +0300,625,5
2021-01-01 00:00:00.000 +0300,17,10919
2021-01-01 00:00:00.000 +0300,32,298
2021-01-01 00:00:00.000 +0300,243,3
2022-01-01 00:00:00.000 +0300,144,289
2021-01-01 00:00:00.000 +0300,418,210
2021-01-01 00:00:00.000 +0300,96,3390
2023-01-01 00:00:00.000 +0300,168,19
2024-01-01 00:00:00.000 +0300,462,61
2022-01-01 00:00:00.000 +0300,624,83
2024-01-01 00:00:00.000 +0300,228,10
2023-01-01 00:00:00.000 +0300,607,20
2022-01-01 00:00:00.000 +0300,173,58
2021-01-01 00:00:00.000 +0300,556,88
2020-01-01 00:00:00.000 +0300,175,13
2022-01-01 00:00:00.000 +0300,182,12
2023-01-01 00:00:00.000 +0300,9,50389
2022-01-01 00:00:00.000 +0300,621,340
2022-01-01 00:00:00.000 +0300,180,290
2020-01-01 00:00:00.000 +0300,163,86
2025-01-01 00:00:00.000 +0300,193,231
2024-01-01 00:00:00.000 +0300,274,46
2024-01-01 00:00:00.000 +0300,464,32
2025-01-01 00:00:00.000 +0300,525,17
2020-01-01 00:00:00.000 +0300,10,4090
2023-01-01 00:00:00.000 +0300,232,2433
2025-01-01 00:00:00.000 +0300,123,5
2024-01-01 00:00:00.000 +0300,54,178
2025-01-01 00:00:00.000 +0300,269,36
2023-01-01 00:00:00.000 +0300,130,7
2022-01-01 00:00:00.000 +0300,206,139
2021-01-01 00:00:00.000 +0300,489,1520
2022-01-01 00:00:00.000 +0300,211,88
2025-01-01 00:00:00.000 +0300,428,1219
2021-01-01 00:00:00.000 +0300,413,361
2024-01-01 00:00:00.000 +0300,556,14
2021-01-01 00:00:00.000 +0300,304,2468
2020-01-01 00:00:00.000 +0300,522,22542
2022-01-01 00:00:00.000 +0300,424,88
2021-01-01 00:00:00.000 +0300,160,38
2021-01-01 00:00:00.000 +0300,178,58
2023-01-01 00:00:00.000 +0300,262,960
2021-01-01 00:00:00.000 +0300,595,485
2024-01-01 00:00:00.000 +0300,128,28
2023-01-01 00:00:00.000 +0300,59,211
2025-01-01 00:00:00.000 +0300,241,286
2022-01-01 00:00:00.000 +0300,500,314
2023-01-01 00:00:00.000 +0300,413,213
2024-01-01 00:00:00.000 +0300,604,11
2021-01-01 00:00:00.000 +0300,544,300
2022-01-01 00:00:00.000 +0300,169,43
2021-01-01 00:00:00.000 +0300,103,4186
2022-01-01 00:00:00.000 +0300,540,105
2022-01-01 00:00:00.000 +0300,159,61
2022-01-01 00:00:00.000 +0300,68,15735
2024-01-01 00:00:00.000 +0300,223,3238
2025-01-01 00:00:00.000 +0300,119,36
2021-01-01 00:00:00.000 +0300,161,128
2020-01-01 00:00:00.000 +0300,128,18
2024-01-01 00:00:00.000 +0300,530,114
2023-01-01 00:00:00.000 +0300,531,326
2021-01-01 00:00:00.000 +0300,598,59
2021-01-01 00:00:00.000 +0300,102,7
2023-01-01 00:00:00.000 +0300,408,199
2025-01-01 00:00:00.000 +0300,455,16
2021-01-01 00:00:00.000 +0300,68,15905
2024-01-01 00:00:00.000 +0300,153,85
2021-01-01 00:00:00.000 +0300,35,1044
2024-01-01 00:00:00.000 +0300,485,88
2021-01-01 00:00:00.000 +0300,305,18
2021-01-01 00:00:00.000 +0300,561,7087
2024-01-01 00:00:00.000 +0300,266,1171
2021-01-01 00:00:00.000 +0300,617,3403
2023-01-01 00:00:00.000 +0300,605,40
2023-01-01 00:00:00.000 +0300,32,41
2022-01-01 00:00:00.000 +0300,21,12249
2020-01-01 00:00:00.000 +0300,409,108
2023-01-01 00:00:00.000 +0300,260,326
2023-01-01 00:00:00.000 +0300,193,692
2024-01-01 00:00:00.000 +0300,533,96
2024-01-01 00:00:00.000 +0300,250,4113
2022-01-01 00:00:00.000 +0300,602,9
2025-01-01 00:00:00.000 +0300,441,4
2021-01-01 00:00:00.000 +0300,121,54
2021-01-01 00:00:00.000 +0300,200,1690
2023-01-01 00:00:00.000 +0300,555,3
2021-01-01 00:00:00.000 +0300,240,2142
2020-01-01 00:00:00.000 +0300,119,29
2022-01-01 00:00:00.000 +0300,168,29
2025-01-01 00:00:00.000 +0300,504,634
2021-01-01 00:00:00.000 +0300,502,664
2025-01-01 00:00:00.000 +0300,628,1
2023-01-01 00:00:00.000 +0300,621,422
2024-01-01 00:00:00.000 +0300,417,68
2022-01-01 00:00:00.000 +0300,125,33
2022-01-01 00:00:00.000 +0300,75,1687
2020-01-01 00:00:00.000 +0300,17,5340
2024-01-01 00:00:00.000 +0300,549,24
2021-01-01 00:00:00.000 +0300,191,1123
2022-01-01 00:00:00.000 +0300,135,4
2024-01-01 00:00:00.000 +0300,265,95
2023-01-01 00:00:00.000 +0300,557,4
2024-01-01 00:00:00.000 +0300,225,6455
2020-01-01 00:00:00.000 +0300,72,263
2022-01-01 00:00:00.000 +0300,538,158
2025-01-01 00:00:00.000 +0300,528,22
2024-01-01 00:00:00.000 +0300,167,17
2024-01-01 00:00:00.000 +0300,684,2
2024-01-01 00:00:00.000 +0300,209,619
2021-01-01 00:00:00.000 +0300,188,2288
2022-01-01 00:00:00.000 +0300,556,6
2020-01-01 00:00:00.000 +0300,506,159
2020-01-01 00:00:00.000 +0300,173,30
2023-01-01 00:00:00.000 +0300,8,15335
2021-01-01 00:00:00.000 +0300,89,855
2023-01-01 00:00:00.000 +0300,632,472
2024-01-01 00:00:00.000 +0300,214,11
2025-01-01 00:00:00.000 +0300,136,50
2024-01-01 00:00:00.000 +0300,411,60
2024-01-01 00:00:00.000 +0300,205,1819
2024-01-01 00:00:00.000 +0300,502,2139
2023-01-01 00:00:00.000 +0300,222,5109
2023-01-01 00:00:00.000 +0300,602,22
2020-01-01 00:00:00.000 +0300,550,3
2024-01-01 00:00:00.000 +0300,405,24
2025-01-01 00:00:00.000 +0300,63,2000
2024-01-01 00:00:00.000 +0300,221,2027
2020-01-01 00:00:00.000 +0300,424,117
2025-01-01 00:00:00.000 +0300,502,581
2024-01-01 00:00:00.000 +0300,220,23606
2021-01-01 00:00:00.000 +0300,563,157
2022-01-01 00:00:00.000 +0300,212,292
2021-01-01 00:00:00.000 +0300,568,14
2021-01-01 00:00:00.000 +0300,9,66588
2022-01-01 00:00:00.000 +0300,306,495
2022-01-01 00:00:00.000 +0300,541,91
2021-01-01 00:00:00.000 +0300,543,298
2024-01-01 00:00:00.000 +0300,421,14
2022-01-01 00:00:00.000 +0300,133,1754
2021-01-01 00:00:00.000 +0300,126,5
2021-01-01 00:00:00.000 +0300,557,80
2024-01-01 00:00:00.000 +0300,483,21225
2024-01-01 00:00:00.000 +0300,455,28
2023-01-01 00:00:00.000 +0300,186,2
2020-01-01 00:00:00.000 +0300,192,309
2025-01-01 00:00:00.000 +0300,540,8
2022-01-01 00:00:00.000 +0300,551,31
2025-01-01 00:00:00.000 +0300,89,679
2023-01-01 00:00:00.000 +0300,136,134
2023-01-01 00:00:00.000 +0300,210,3475
2025-01-01 00:00:00.000 +0300,170,81
2022-01-01 00:00:00.000 +0300,545,69
2023-01-01 00:00:00.000 +0300,432,82
2022-01-01 00:00:00.000 +0300,477,134531
2020-01-01 00:00:00.000 +0300,179,3
2024-01-01 00:00:00.000 +0300,568,1
2022-01-01 00:00:00.000 +0300,644,3
2024-01-01 00:00:00.000 +0300,229,1205
2021-01-01 00:00:00.000 +0300,532,589
2022-01-01 00:00:00.000 +0300,54,349
2022-01-01 00:00:00.000 +0300,301,691
2024-01-01 00:00:00.000 +0300,553,11
2021-01-01 00:00:00.000 +0300,538,358
2022-01-01 00:00:00.000 +0300,565,42
2025-01-01 00:00:00.000 +0300,19,6
2025-01-01 00:00:00.000 +0300,512,245
2022-01-01 00:00:00.000 +0300,72,327
2021-01-01 00:00:00.000 +0300,302,517
2020-01-01 00:00:00.000 +0300,306,275
2023-01-01 00:00:00.000 +0300,527,401
2020-01-01 00:00:00.000 +0300,190,69
2024-01-01 00:00:00.000 +0300,193,875
2025-01-01 00:00:00.000 +0300,572,1
2024-01-01 00:00:00.000 +0300,171,271
2025-01-01 00:00:00.000 +0300,54,115
2020-01-01 00:00:00.000 +0300,61,269
2023-01-01 00:00:00.000 +0300,167,15
2023-01-01 00:00:00.000 +0300,275,8
2023-01-01 00:00:00.000 +0300,159,77
2023-01-01 00:00:00.000 +0300,628,15
2020-01-01 00:00:00.000 +0300,486,5
2020-01-01 00:00:00.000 +0300,143,194
2020-01-01 00:00:00.000 +0300,315,44
2025-01-01 00:00:00.000 +0300,630,87
2023-01-01 00:00:00.000 +0300,160,59
2020-01-01 00:00:00.000 +0300,531,33
2024-01-01 00:00:00.000 +0300,192,1623
2023-01-01 00:00:00.000 +0300,623,2883
2025-01-01 00:00:00.000 +0300,273,19
2023-01-01 00:00:00.000 +0300,497,49
2022-01-01 00:00:00.000 +0300,317,17
2022-01-01 00:00:00.000 +0300,505,2445
2020-01-01 00:00:00.000 +0300,164,155
2022-01-01 00:00:00.000 +0300,205,534
2024-01-01 00:00:00.000 +0300,503,1
2025-01-01 00:00:00.000 +0300,481,1475
2022-01-01 00:00:00.000 +0300,234,44
2022-01-01 00:00:00.000 +0300,641,1
2022-01-01 00:00:00.000 +0300,426,5
2020-01-01 00:00:00.000 +0300,191,336
2025-01-01 00:00:00.000 +0300,484,9
2023-01-01 00:00:00.000 +0300,537,175
2022-01-01 00:00:00.000 +0300,435,406
2023-01-01 00:00:00.000 +0300,22,783
2020-01-01 00:00:00.000 +0300,181,23
2025-01-01 00:00:00.000 +0300,477,30538
2023-01-01 00:00:00.000 +0300,272,3
2020-01-01 00:00:00.000 +0300,51,2192
2020-01-01 00:00:00.000 +0300,415,612
2025-01-01 00:00:00.000 +0300,59,150
2025-01-01 00:00:00.000 +0300,543,7
2021-01-01 00:00:00.000 +0300,183,11409
2022-01-01 00:00:00.000 +0300,409,73
2020-01-01 00:00:00.000 +0300,402,723
2020-01-01 00:00:00.000 +0300,225,207
2025-01-01 00:00:00.000 +0300,542,6
2022-01-01 00:00:00.000 +0300,604,4
2025-01-01 00:00:00.000 +0300,259,14
2023-01-01 00:00:00.000 +0300,61,445
2024-01-01 00:00:00.000 +0300,491,535
2021-01-01 00:00:00.000 +0300,163,236
2023-01-01 00:00:00.000 +0300,559,3
2024-01-01 00:00:00.000 +0300,160,65
2020-01-01 00:00:00.000 +0300,523,12529
2023-01-01 00:00:00.000 +0300,546,30
2022-01-01 00:00:00.000 +0300,198,11
2023-01-01 00:00:00.000 +0300,94,2971
2024-01-01 00:00:00.000 +0300,468,21
2025-01-01 00:00:00.000 +0300,541,8
2024-01-01 00:00:00.000 +0300,177,604
2024-01-01 00:00:00.000 +0300,427,1732
2020-01-01 00:00:00.000 +0300,111,317
2022-01-01 00:00:00.000 +0300,160,35
2025-01-01 00:00:00.000 +0300,135,3
2021-01-01 00:00:00.000 +0300,524,39474
2025-01-01 00:00:00.000 +0300,190,205
2023-01-01 00:00:00.000 +0300,604,8
2023-01-01 00:00:00.000 +0300,415,340
2022-01-01 00:00:00.000 +0300,114,70
2020-01-01 00:00:00.000 +0300,419,103
2022-01-01 00:00:00.000 +0300,253,470
2023-01-01 00:00:00.000 +0300,619,370
2022-01-01 00:00:00.000 +0300,147,33
2024-01-01 00:00:00.000 +0300,9,51777
2020-01-01 00:00:00.000 +0300,223,141
2025-01-01 00:00:00.000 +0300,76,3
2022-01-01 00:00:00.000 +0300,491,463
2024-01-01 00:00:00.000 +0300,508,3093
2024-01-01 00:00:00.000 +0300,562,15
2025-01-01 00:00:00.000 +0300,260,68
2024-01-01 00:00:00.000 +0300,565,7
2021-01-01 00:00:00.000 +0300,122,80
2021-01-01 00:00:00.000 +0300,140,1
2020-01-01 00:00:00.000 +0300,477,53248
2021-01-01 00:00:00.000 +0300,28,309
2023-01-01 00:00:00.000 +0300,694,9
2024-01-01 00:00:00.000 +0300,226,3975
2022-01-01 00:00:00.000 +0300,196,1832
2022-01-01 00:00:00.000 +0300,304,910
2025-01-01 00:00:00.000 +0300,250,621
2020-01-01 00:00:00.000 +0300,110,866
2020-01-01 00:00:00.000 +0300,404,1644
2025-01-01 00:00:00.000 +0300,564,2
2024-01-01 00:00:00.000 +0300,408,40
2020-01-01 00:00:00.000 +0300,178,22
2020-01-01 00:00:00.000 +0300,161,63
2024-01-01 00:00:00.000 +0300,602,15
2020-01-01 00:00:00.000 +0300,542,4
2024-01-01 00:00:00.000 +0300,122,101
2021-01-01 00:00:00.000 +0300,572,105
2022-01-01 00:00:00.000 +0300,162,127
2023-01-01 00:00:00.000 +0300,264,21
2024-01-01 00:00:00.000 +0300,200,4870
2023-01-01 00:00:00.000 +0300,551,23
2023-01-01 00:00:00.000 +0300,110,1299
2020-01-01 00:00:00.000 +0300,502,285
2025-01-01 00:00:00.000 +0300,143,229
2021-01-01 00:00:00.000 +0300,535,484
2020-01-01 00:00:00.000 +0300,114,43
2024-01-01 00:00:00.000 +0300,467,1439
2022-01-01 00:00:00.000 +0300,412,539
2022-01-01 00:00:00.000 +0300,603,9
2024-01-01 00:00:00.000 +0300,477,138544
2021-01-01 00:00:00.000 +0300,164,273
2025-01-01 00:00:00.000 +0300,36,4
2021-01-01 00:00:00.000 +0300,308,260
2022-01-01 00:00:00.000 +0300,302,291
2021-01-01 00:00:00.000 +0300,411,459
2020-01-01 00:00:00.000 +0300,122,38
2020-01-01 00:00:00.000 +0300,151,13
2020-01-01 00:00:00.000 +0300,112,125
2024-01-01 00:00:00.000 +0300,559,8
2021-01-01 00:00:00.000 +0300,603,1
2024-01-01 00:00:00.000 +0300,339,84
2025-01-01 00:00:00.000 +0300,473,1
2020-01-01 00:00:00.000 +0300,22,1014
2022-01-01 00:00:00.000 +0300,197,35
2025-01-01 00:00:00.000 +0300,281,8
2024-01-01 00:00:00.000 +0300,185,224
2024-01-01 00:00:00.000 +0300,624,271
2024-01-01 00:00:00.000 +0300,68,11623
2024-01-01 00:00:00.000 +0300,622,2230
2021-01-01 00:00:00.000 +0300,229,105
2023-01-01 00:00:00.000 +0300,540,92
2024-01-01 00:00:00.000 +0300,76,17
2021-01-01 00:00:00.000 +0300,174,48
2025-01-01 00:00:00.000 +0300,438,32
2023-01-01 00:00:00.000 +0300,220,15811
2023-01-01 00:00:00.000 +0300,178,58
2025-01-01 00:00:00.000 +0300,93,357
2021-01-01 00:00:00.000 +0300,16,20067
2020-01-01 00:00:00.000 +0300,490,155
2023-01-01 00:00:00.000 +0300,249,5683
2024-01-01 00:00:00.000 +0300,72,10
2020-01-01 00:00:00.000 +0300,152,4
2025-01-01 00:00:00.000 +0300,635,3
2025-01-01 00:00:00.000 +0300,174,3
2022-01-01 00:00:00.000 +0300,79,1442
2022-01-01 00:00:00.000 +0300,601,19
2022-01-01 00:00:00.000 +0300,700,2
2023-01-01 00:00:00.000 +0300,568,1
2025-01-01 00:00:00.000 +0300,252,1
2021-01-01 00:00:00.000 +0300,207,210
2025-01-01 00:00:00.000 +0300,203,240
2025-01-01 00:00:00.000 +0300,30,626
2025-01-01 00:00:00.000 +0300,226,1549
2020-01-01 00:00:00.000 +0300,28,9
2025-01-01 00:00:00.000 +0300,165,13
2025-01-01 00:00:00.000 +0300,493,181
2022-01-01 00:00:00.000 +0300,617,4403
2021-01-01 00:00:00.000 +0300,59,421
2025-01-01 00:00:00.000 +0300,73,568
2020-01-01 00:00:00.000 +0300,532,29
2022-01-01 00:00:00.000 +0300,191,1860
2025-01-01 00:00:00.000 +0300,8,8045
2022-01-01 00:00:00.000 +0300,255,1
2022-01-01 00:00:00.000 +0300,220,12865
2020-01-01 00:00:00.000 +0300,133,402
2020-01-01 00:00:00.000 +0300,489,585
2023-01-01 00:00:00.000 +0300,541,72
2021-01-01 00:00:00.000 +0300,25,20946
2022-01-01 00:00:00.000 +0300,154,94
2024-01-01 00:00:00.000 +0300,458,134
2020-01-01 00:00:00.000 +0300,549,5
2024-01-01 00:00:00.000 +0300,157,2
2025-01-01 00:00:00.000 +0300,531,14
2020-01-01 00:00:00.000 +0300,149,1
2025-01-01 00:00:00.000 +0300,180,3
2021-01-01 00:00:00.000 +0300,177,767
2021-01-01 00:00:00.000 +0300,422,1172
2023-01-01 00:00:00.000 +0300,558,3
2022-01-01 00:00:00.000 +0300,210,5202
2023-01-01 00:00:00.000 +0300,254,17
2025-01-01 00:00:00.000 +0300,62,255
2020-01-01 00:00:00.000 +0300,116,93
2022-01-01 00:00:00.000 +0300,523,6195
2020-01-01 00:00:00.000 +0300,417,28
2020-01-01 00:00:00.000 +0300,222,152
2020-01-01 00:00:00.000 +0300,559,2
2024-01-01 00:00:00.000 +0300,74,25
2022-01-01 00:00:00.000 +0300,562,70
2023-01-01 00:00:00.000 +0300,240,728
2022-01-01 00:00:00.000 +0300,525,593
2024-01-01 00:00:00.000 +0300,189,1387
2023-01-01 00:00:00.000 +0300,268,49
2024-01-01 00:00:00.000 +0300,650,619
2023-01-01 00:00:00.000 +0300,247,5562
2024-01-01 00:00:00.000 +0300,600,19
2020-01-01 00:00:00.000 +0300,35,457
2023-01-01 00:00:00.000 +0300,269,32
2023-01-01 00:00:00.000 +0300,161,116
2025-01-01 00:00:00.000 +0300,126,1
2024-01-01 00:00:00.000 +0300,510,63
2022-01-01 00:00:00.000 +0300,63,12474
2021-01-01 00:00:00.000 +0300,522,69013
2020-01-01 00:00:00.000 +0300,493,351
2024-01-01 00:00:00.000 +0300,535,68
2023-01-01 00:00:00.000 +0300,36,53
2020-01-01 00:00:00.000 +0300,59,159
2022-01-01 00:00:00.000 +0300,417,15
2021-01-01 00:00:00.000 +0300,427,775
2024-01-01 00:00:00.000 +0300,6,16460
2023-01-01 00:00:00.000 +0300,536,168
2022-01-01 00:00:00.000 +0300,166,26
2024-01-01 00:00:00.000 +0300,509,1436
2024-01-01 00:00:00.000 +0300,109,241
2021-01-01 00:00:00.000 +0300,481,2501
2023-01-01 00:00:00.000 +0300,640,3
2024-01-01 00:00:00.000 +0300,275,48
2021-01-01 00:00:00.000 +0300,592,33
2023-01-01 00:00:00.000 +0300,552,21
2025-01-01 00:00:00.000 +0300,61,139
2023-01-01 00:00:00.000 +0300,618,2689
2020-01-01 00:00:00.000 +0300,312,45
2024-01-01 00:00:00.000 +0300,115,17
2024-01-01 00:00:00.000 +0300,554,12
2022-01-01 00:00:00.000 +0300,9,59509
2023-01-01 00:00:00.000 +0300,556,4
2025-01-01 00:00:00.000 +0300,444,2
2020-01-01 00:00:00.000 +0300,138,2
2022-01-01 00:00:00.000 +0300,260,92
2022-01-01 00:00:00.000 +0300,190,2015
2022-01-01 00:00:00.000 +0300,241,607
2021-01-01 00:00:00.000 +0300,61,523
2023-01-01 00:00:00.000 +0300,128,33
2020-01-01 00:00:00.000 +0300,16,8635
2022-01-01 00:00:00.000 +0300,487,96
2025-01-01 00:00:00.000 +0300,482,746
2023-01-01 00:00:00.000 +0300,491,595
2022-01-01 00:00:00.000 +0300,179,1
2024-01-01 00:00:00.000 +0300,267,457
2020-01-01 00:00:00.000 +0300,224,321
2020-01-01 00:00:00.000 +0300,524,11911
2023-01-01 00:00:00.000 +0300,182,7
2022-01-01 00:00:00.000 +0300,503,125
2023-01-01 00:00:00.000 +0300,483,11921
2022-01-01 00:00:00.000 +0300,119,66
2023-01-01 00:00:00.000 +0300,438,106
2020-01-01 00:00:00.000 +0300,507,218
2023-01-01 00:00:00.000 +0300,235,536
2023-01-01 00:00:00.000 +0300,78,1
2022-01-01 00:00:00.000 +0300,10,4715
2025-01-01 00:00:00.000 +0300,460,10
2021-01-01 00:00:00.000 +0300,206,69
2022-01-01 00:00:00.000 +0300,112,363
2021-01-01 00:00:00.000 +0300,221,806
2022-01-01 00:00:00.000 +0300,537,173
2022-01-01 00:00:00.000 +0300,150,385
2024-01-01 00:00:00.000 +0300,725,63
2021-01-01 00:00:00.000 +0300,75,2079
2024-01-01 00:00:00.000 +0300,499,85
2023-01-01 00:00:00.000 +0300,73,1826
2024-01-01 00:00:00.000 +0300,529,114
2025-01-01 00:00:00.000 +0300,9,24730
2024-01-01 00:00:00.000 +0300,119,97
2021-01-01 00:00:00.000 +0300,505,345
2024-01-01 00:00:00.000 +0300,563,23
2024-01-01 00:00:00.000 +0300,86,1103
2024-01-01 00:00:00.000 +0300,107,378
2024-01-01 00:00:00.000 +0300,438,103
2020-01-01 00:00:00.000 +0300,301,575
2022-01-01 00:00:00.000 +0300,6,18377
2021-01-01 00:00:00.000 +0300,95,777
2021-01-01 00:00:00.000 +0300,428,8530
2020-01-01 00:00:00.000 +0300,94,2761
2023-01-01 00:00:00.000 +0300,200,4527
2020-01-01 00:00:00.000 +0300,8,15699
2023-01-01 00:00:00.000 +0300,637,11
2024-01-01 00:00:00.000 +0300,235,557
2022-01-01 00:00:00.000 +0300,231,83
2025-01-01 00:00:00.000 +0300,151,21
2022-01-01 00:00:00.000 +0300,176,322
2020-01-01 00:00:00.000 +0300,70,1
2025-01-01 00:00:00.000 +0300,95,168
2020-01-01 00:00:00.000 +0300,487,39565
2021-01-01 00:00:00.000 +0300,133,1310
2021-01-01 00:00:00.000 +0300,477,112897
2024-01-01 00:00:00.000 +0300,704,74
2023-01-01 00:00:00.000 +0300,402,529
2023-01-01 00:00:00.000 +0300,183,1796
2023-01-01 00:00:00.000 +0300,631,107
2020-01-01 00:00:00.000 +0300,194,172
2020-01-01 00:00:00.000 +0300,534,28
2021-01-01 00:00:00.000 +0300,11,5154
2024-01-01 00:00:00.000 +0300,522,392
2020-01-01 00:00:00.000 +0300,305,17
2021-01-01 00:00:00.000 +0300,435,509
2024-01-01 00:00:00.000 +0300,630,249
2021-01-01 00:00:00.000 +0300,143,409
2024-01-01 00:00:00.000 +0300,643,261
2023-01-01 00:00:00.000 +0300,569,1
2025-01-01 00:00:00.000 +0300,25,3685
2020-01-01 00:00:00.000 +0300,210,2228
2024-01-01 00:00:00.000 +0300,320,1
2024-01-01 00:00:00.000 +0300,79,759
2021-01-01 00:00:00.000 +0300,194,755
2020-01-01 00:00:00.000 +0300,63,5932
2021-01-01 00:00:00.000 +0300,504,1792
2024-01-01 00:00:00.000 +0300,539,56
2021-01-01 00:00:00.000 +0300,605,200
2021-01-01 00:00:00.000 +0300,110,1757
2023-01-01 00:00:00.000 +0300,542,82
2022-01-01 00:00:00.000 +0300,559,3
2025-01-01 00:00:00.000 +0300,14,547
2023-01-01 00:00:00.000 +0300,115,19
2023-01-01 00:00:00.000 +0300,135,7
2021-01-01 00:00:00.000 +0300,596,104
2023-01-01 00:00:00.000 +0300,28,619
2023-01-01 00:00:00.000 +0300,477,145055
2021-01-01 00:00:00.000 +0300,199,302
2020-01-01 00:00:00.000 +0300,168,18
2023-01-01 00:00:00.000 +0300,54,199
2024-01-01 00:00:00.000 +0300,574,2
2022-01-01 00:00:00.000 +0300,81,1983
2024-01-01 00:00:00.000 +0300,180,10
2023-01-01 00:00:00.000 +0300,633,75
2023-01-01 00:00:00.000 +0300,107,300
2021-01-01 00:00:00.000 +0300,546,264
2023-01-01 00:00:00.000 +0300,512,1209
2025-01-01 00:00:00.000 +0300,507,1820
2025-01-01 00:00:00.000 +0300,255,1
2024-01-01 00:00:00.000 +0300,60,2241
2023-01-01 00:00:00.000 +0300,513,115
2021-01-01 00:00:00.000 +0300,248,1
2021-01-01 00:00:00.000 +0300,107,333
2023-01-01 00:00:00.000 +0300,692,28
2022-01-01 00:00:00.000 +0300,121,49
2024-01-01 00:00:00.000 +0300,641,16
2021-01-01 00:00:00.000 +0300,578,6
2024-01-01 00:00:00.000 +0300,420,52
2022-01-01 00:00:00.000 +0300,122,92
2021-01-01 00:00:00.000 +0300,138,1
2025-01-01 00:00:00.000 +0300,247,1226
2023-01-01 00:00:00.000 +0300,169,51
2020-01-01 00:00:00.000 +0300,317,12
